Stemmed Term,Set A occurences,Set B occurences,ratio DocFreq(A) to DocFreq(B)
0,55,1139,0.048287971905179985
1,1594,16779,0.094999702008462958
10,409,6677,0.061255054665268836
100,67,1861,0.036002149382052658
101,48,1472,0.032608695652173912
102,48,1277,0.037588097102584185
103,35,1105,0.031674208144796379
103316,18,9,2.0
104,43,542,0.079335793357933573
105,41,497,0.08249496981891348
106,29,482,0.060165975103734441
107,33,392,0.084183673469387751
108,51,413,0.12348668280871671
109,48,447,0.10738255033557047
11,952,6881,0.13835198372329605
110,28,442,0.063348416289592757
111,325,550,0.59090909090909094
112,319,819,0.3894993894993895
113,448,641,0.69890795631825275
114,64,1323,0.048374905517762662
115,53,433,0.12240184757505773
116,29,537,0.054003724394785846
117,39,522,0.074712643678160925
118,27,398,0.0678391959798995
119,52,734,0.070844686648501368
11the,13,1,13.0
12,477,3876,0.12306501547987617
120,25,427,0.058548009367681501
121,56,683,0.081991215226939973
122,178,694,0.25648414985590778
1222,68,382,0.17801047120418848
123,38,490,0.077551020408163265
124,35,481,0.072765072765072769
125,50,3623,0.013800717637317141
126,62,420,0.14761904761904762
127,130,953,0.13641133263378805
128,52,844,0.061611374407582936
129,77,722,0.10664819944598337
13,298,4096,0.07275390625
130,60,337,0.17804154302670624
131,40,598,0.066889632107023408
132,66,524,0.12595419847328243
133,52,375,0.13866666666666666
134,37,298,0.12416107382550336
135,70,390,0.17948717948717949
136,28,355,0.078873239436619724
137,40,386,0.10362694300518134
138,31,361,0.085872576177285317
139,24,355,0.067605633802816895
13the,11,6,1.8333333333333333
14,427,4293,0.099464244118332171
140,34,347,0.097982708933717577
141,19,335,0.056716417910447764
142,55,387,0.1421188630490956
143,25,322,0.077639751552795025
144,31,344,0.090116279069767435
145,27,336,0.080357142857142863
146,42,333,0.12612612612612611
147,26,335,0.077611940298507459
148,34,360,0.094444444444444442
149,15,358,0.04189944134078212
15,543,3813,0.14240755310778913
150,24,366,0.065573770491803282
151,25,1032,0.024224806201550389
152,17,1214,0.01400329489291598
153,26,345,0.075362318840579715
154,24,755,0.031788079470198675
155,31,996,0.03112449799196787
156,33,333,0.0990990990990991
157,35,680,0.051470588235294115
158,29,414,0.070048309178743967
159,21,255,0.082352941176470587
15the,11,2,5.5
16,303,3057,0.099116781157998032
160,39,316,0.12341772151898735
161,43,522,0.082375478927203066
162,33,308,0.10714285714285714
163,22,286,0.076923076923076927
164,59,471,0.12526539278131635
165,16,316,0.050632911392405063
166,34,279,0.12186379928315412
167,28,371,0.075471698113207544
1673,67,29,2.3103448275862069
168,21,263,0.079847908745247151
169,30,245,0.12244897959183673
17,421,2867,0.14684339030345309
171,17,321,0.052959501557632398
172,55,376,0.14627659574468085
173,84,316,0.26582278481012656
174,221,313,0.70607028753993606
175,72,509,0.14145383104125736
175ii,49,11,4.4545454545454541
176,117,498,0.23493975903614459
176i,135,60,2.25
176ii,221,39,5.666666666666667
177,23,220,0.10454545454545454
178,37,233,0.15879828326180256
18,712,2983,0.23868588669125043
181,244,1968,0.12398373983739837
182,28,331,0.084592145015105744
183,65,365,0.17808219178082191
184,338,483,0.69979296066252583
185,25,313,0.079872204472843447
187,20,270,0.07407407407407407
188,27,244,0.11065573770491803
19,666,3934,0.16929334011184544
190,22,228,0.096491228070175433
191,110,799,0.13767209011264081
1916,137,1281,0.10694769711163153
192,54,445,0.12134831460674157
193,33,740,0.044594594594594597
1930,112,338,0.33136094674556216
194,30,1025,0.029268292682926831
1947,62,424,0.14622641509433962
195,23,233,0.098712446351931327
1960,70,84,0.83333333333333337
1969,15,202,0.074257425742574254
197,17,236,0.072033898305084748
1993,40,1549,0.025823111684958037
1994,2560,12580,0.20349761526232116
1994and,19,1,19.0
1994articl,17,0,inf
1994gatt,11,1,11.0
1995,130,1636,0.079462102689486558
1996,136,3333,0.040804080408040802
1996i,32,97,0.32989690721649484
1997,206,3034,0.067897165458141062
1997i,32,120,0.26666666666666666
1998,349,3929,0.088826673453805044
1998dsr,15,0,inf
1998i,17,76,0.22368421052631579
1999,489,3115,0.15698234349919743
1a,40,949,0.04214963119072708
2,1580,14156,0.11161345012715457
20,526,4338,0.12125403411710466
200,16,449,0.035634743875278395
2000,430,3792,0.11339662447257384
2001,547,5495,0.099545040946314833
2001v,16,17,0.94117647058823528
2001x,15,27,0.55555555555555558
2002,469,5593,0.083854818523153948
2003,297,5510,0.053901996370235933
2004,365,3684,0.099077090119435399
2004i,18,16,1.125
2004v,20,10,2.0
2004vii,13,9,1.4444444444444444
2005,315,2664,0.11824324324324324
2006,445,3523,0.12631280158955435
2007,274,2096,0.13072519083969467
2008,189,1067,0.17713214620431114
2009,142,1014,0.14003944773175542
201,27,283,0.095406360424028266
2010,122,774,0.15762273901808785
2011,128,558,0.22939068100358423
2012,80,358,0.22346368715083798
2012on,16,0,inf
203,14,329,0.042553191489361701
207,13,246,0.052845528455284556
208,19,211,0.09004739336492891
21,1298,4359,0.29777471897224134
211,40,1002,0.039920159680638723
212,20,856,0.02336448598130841
213,25,1510,0.016556291390728478
213b,34,118,0.28813559322033899
215,681,2779,0.24505217704210147
216,40,281,0.14234875444839859
217,21,243,0.086419753086419748
218,25,235,0.10638297872340426
219,17,224,0.075892857142857137
22,683,4335,0.15755478662053057
220,16,238,0.067226890756302518
221,142,314,0.45222929936305734
2211,411,191,2.1518324607329844
222,350,305,1.1475409836065573
223,23,496,0.046370967741935484
226,20,472,0.042372881355932202
228,22,220,0.10000000000000001
23,637,3126,0.2037747920665387
230,16,197,0.081218274111675121
231,21,383,0.054830287206266322
234,17,206,0.082524271844660199
24,3302,2928,1.1277322404371584
241,360,223,1.6143497757847534
242,3866,218,17.73394495412844
243,13,207,0.06280193236714976
24and,12,0,inf
24the,17,3,5.666666666666667
25,209,3493,0.059833953621528775
250,18,255,0.070588235294117646
251,20,217,0.092165898617511524
26,491,1857,0.26440495422724825
27,297,2575,0.11533980582524272
27756,15,0,inf
278,17,193,0.088082901554404139
28,249,2595,0.09595375722543352
285,16,126,0.12698412698412698
29,247,1990,0.12412060301507538
2the,27,9,3.0
3,789,10902,0.072372041827187678
30,409,3206,0.12757330006238304
300,32,260,0.12307692307692308
31,705,3537,0.1993214588634436
311,20,245,0.081632653061224483
32,570,3345,0.17040358744394618
322,14,109,0.12844036697247707
323,18,194,0.092783505154639179
326,16,133,0.12030075187969924
33,454,1916,0.23695198329853862
331,14,161,0.086956521739130432
34,441,1541,0.28617780661907855
340,17,130,0.13076923076923078
341,18,96,0.1875
342,16,171,0.093567251461988299
35,363,1912,0.18985355648535565
351,66,130,0.50769230769230766
351414c2,63,0,inf
36,115,1273,0.09033778476040849
360,23,98,0.23469387755102042
37,103,1431,0.071977638015373865
38,144,1307,0.11017597551644988
39,59,931,0.063372717508055856
3the,18,10,1.8
4,806,8246,0.097744360902255634
40,69,1387,0.049747656813266039
41,69,1194,0.057788944723618091
411,57,516,0.11046511627906977
417,20,97,0.20618556701030927
42,87,1225,0.071020408163265311
43,74,985,0.075126903553299498
44,99,1266,0.078199052132701424
45,62,1159,0.053494391716997408
457,27,90,0.29999999999999999
46,54,955,0.05654450261780105
47,91,1703,0.053435114503816793
48,39,966,0.040372670807453416
49,69,938,0.073560767590618331
4the,17,5,3.3999999999999999
5,616,7114,0.086589822884453188
50,80,1383,0.057845263919016628
51,182,971,0.1874356333676622
52,400,957,0.41797283176593519
53,231,937,0.24653148345784417
54,88,1760,0.050000000000000003
55,96,968,0.099173553719008267
55780,39,0,inf
56,63,1287,0.048951048951048952
57,75,850,0.088235294117647065
58,323,1180,0.27372881355932205
59,74,807,0.09169764560099132
5the,13,1,13.0
6,656,5371,0.12213740458015267
60,95,1685,0.05637982195845697
60day,10,67,0.14925373134328357
61,140,1129,0.12400354295837024
610,337,272,1.2389705882352942
6102,74,20,3.7000000000000002
614,22,118,0.1864406779661017
62,555,2107,0.2634076886568581
62117,13,0,inf
63,135,1773,0.076142131979695438
64,337,1217,0.27691043549712407
65,143,1042,0.13723608445297505
66,211,797,0.26474278544542035
67,310,963,0.32191069574247144
68,291,1839,0.15823817292006526
69,244,1054,0.23149905123339659
6the,13,7,1.8571428571428572
7,480,5315,0.090310442144873007
70,187,771,0.24254215304798962
71,238,832,0.28605769230769229
7104,23,47,0.48936170212765956
7106,28,53,0.52830188679245282
72,162,878,0.18451025056947609
7222,20,73,0.27397260273972601
73,63,805,0.078260869565217397
731,53,107,0.49532710280373832
735,11,113,0.097345132743362831
736,11,92,0.11956521739130435
74,94,753,0.1248339973439575
743,16,93,0.17204301075268819
75,88,821,0.1071863580998782
751,33,146,0.22602739726027396
76,76,617,0.12317666126418152
77,48,654,0.073394495412844041
77135a,72,0,inf
77135b,22,0,inf
77722,15,0,inf
777ac,10,0,inf
78,45,873,0.051546391752577317
79,61,745,0.081879194630872482
7the,12,5,2.3999999999999999
8,407,5373,0.075749115950120974
80,39,768,0.05078125
81,109,774,0.14082687338501293
8101,13,10,1.3
81b,12,45,0.26666666666666666
82,69,651,0.10599078341013825
83,53,863,0.061413673232908458
84,46,736,0.0625
85,54,741,0.0728744939271255
86,55,553,0.099457504520795659
87,81,1134,0.071428571428571425
88,40,578,0.069204152249134954
89,53,615,0.086178861788617889
9,780,3918,0.19908116385911179
90,63,1323,0.047619047619047616
91,215,1408,0.15269886363636365
92,185,842,0.21971496437054633
93,1705,1751,0.97372929754426041
931,161,166,0.96987951807228912
932,102,72,1.4166666666666667
94,366,687,0.53275109170305679
94ii,88,1,88.0
95,223,786,0.28371501272264632
96,44,560,0.07857142857142857
97,85,679,0.1251840942562592
98,74,487,0.15195071868583163
99,65,577,0.11265164644714037
a1,26,211,0.12322274881516587
a1annex,28,0,inf
a2,16,212,0.075471698113207544
a2annex,22,0,inf
ab,286,387,0.73901808785529721
abandon,41,235,0.17446808510638298
abid,24,97,0.24742268041237114
abil,105,1357,0.077376565954310986
abl,106,1725,0.061449275362318839
abov,1168,6922,0.16873735914475585
abovement,67,278,0.24100719424460432
absenc,288,2221,0.12967131922557407
absent,99,685,0.14452554744525548
absolut,54,563,0.095914742451154528
abstract,39,259,0.15057915057915058
absurd,64,264,0.24242424242424243
accept,456,3764,0.12114771519659936
access,134,4038,0.033184744923229322
acciai,52,73,0.71232876712328763
accommod,26,148,0.17567567567567569
accompani,58,428,0.13551401869158877
accord,1733,14337,0.12087605496268397
accordancewith,27,0,inf
accordingli,329,2603,0.12639262389550518
account,1263,6358,0.19864737338785782
accru,84,983,0.085452695829094608
accur,120,807,0.14869888475836432
accuraci,104,363,0.28650137741046833
accus,25,77,0.32467532467532467
achiev,109,1230,0.088617886178861793
acknowledg,255,1665,0.15315315315315314
acomparison,23,1,23.0
acquir,14,516,0.027131782945736434
act,1656,13194,0.12551159618008187
actedinconsist,36,0,inf
action,752,11189,0.06720886585038878
activ,183,2383,0.076793957196810744
actual,948,5721,0.16570529627687466
ad,5184,10718,0.4836723269266654
ada,132,393,0.33587786259541985
adagr,71,0,inf
add,184,1036,0.17760617760617761
addit,1168,8759,0.13334855577120677
address,1183,5667,0.20875242632786306
adduc,31,351,0.088319088319088315
adequ,136,1684,0.08076009501187649
adequaci,47,365,0.12876712328767123
adetermin,20,0,inf
adher,24,141,0.1702127659574468
adjud,20,114,0.17543859649122806
adjudicatori,24,10,2.3999999999999999
adjust,1546,2414,0.64043082021541009
administ,168,893,0.18812989921612541
administr,2785,4787,0.58178399832880723
administrativereview,98,0,inf
admiss,42,264,0.15909090909090909
admit,156,672,0.23214285714285715
adopt,1780,7645,0.23283191628515371
adopté,14,0,inf
adoptó,14,0,inf
adp136,13,0,inf
adp137,16,2,8.0
adump,13,0,inf
advanc,137,2097,0.0653314258464473
advantag,69,3184,0.021670854271356784
advers,95,4001,0.023744063984003999
advoc,39,246,0.15853658536585366
afair,16,0,inf
affect,1010,7019,0.14389514175808521
affidavit,69,203,0.33990147783251229
affili,291,269,1.0817843866171004
affirm,235,1549,0.15171078114912848
afford,30,645,0.046511627906976744
aforement,13,111,0.11711711711711711
agenc,43,1847,0.023280996210070383
agenda,43,131,0.3282442748091603
agener,15,0,inf
aggreg,675,1101,0.61307901907356943
agre,1000,6312,0.15842839036755388
agreedupon,24,17,1.411764705882353
agreement,9942,66674,0.14911359750427453
agreement1,25,26,0.96153846153846156
agreement2,27,27,1.0
agreementand,34,4,8.5
agreementarticl,14,5,2.7999999999999998
agreementb,23,0,inf
agreementc,24,0,inf
agreementd,17,0,inf
agreementin,27,0,inf
agreementon,23,0,inf
agreements3on,13,0,inf
agreementth,56,1,56.0
agricultur,67,11304,0.0059271054493984432
aim,35,799,0.043804755944931162
aircraft,131,7677,0.017063957274977205
albeit,26,229,0.11353711790393013
alberto,10,0,inf
alcohol,118,806,0.14640198511166252
alia,188,1679,0.11197141155449672
allcompar,35,0,inf
alleg,832,8087,0.10288116730555212
allegedli,148,1151,0.12858384013900956
allmodel,11,0,inf
alloc,540,3414,0.15817223198594024
alloth,72,9,8.0
allow,948,4249,0.22311132031066133
alon,82,1123,0.073018699910952806
alreadi,266,2534,0.10497237569060773
alter,107,594,0.18013468013468015
altern,212,2534,0.083662194159431727
alway,172,1038,0.16570327552986513
amargin,15,0,inf
ambigu,48,264,0.18181818181818182
ameasur,37,0,inf
amemb,28,0,inf
amend,929,4108,0.22614410905550147
america,53,480,0.11041666666666666
amethodolog,17,0,inf
ampl,43,212,0.20283018867924529
amutu,13,0,inf
anadjust,32,0,inf
analog,32,333,0.096096096096096095
analys,105,802,0.13092269326683292
analysi,1353,10751,0.12584875825504604
analyt,19,244,0.077868852459016397
analyz,87,799,0.10888610763454318
anantidump,38,0,inf
anauthor,14,0,inf
andappel,19,0,inf
andargu,17,0,inf
andarticl,109,0,inf
anddecis,16,0,inf
andexport,19,0,inf
andin,13,0,inf
andmargin,21,0,inf
andmethodolog,19,0,inf
andnot,16,0,inf
andor,175,1422,0.12306610407876231
andoth,16,0,inf
andpredict,19,0,inf
andprocedur,23,0,inf
andrul,30,0,inf
andth,96,0,inf
andthat,36,0,inf
andtherefor,32,0,inf
andtrad,15,0,inf
anexamin,15,0,inf
anexport,23,0,inf
angl,18,80,0.22500000000000001
ani,3539,27901,0.12684133185190494
animport,19,0,inf
anindividu,22,0,inf
aninterpret,17,0,inf
aninvestig,78,0,inf
annex,690,11518,0.059906233721132143
annexesannex,12,0,inf
anniversari,23,32,0.71875
announc,79,968,0.08161157024793389
annual,101,1501,0.067288474350433045
anobject,33,0,inf
anoth,417,3330,0.12522522522522522
answer,421,5215,0.080728667305848517
anti,17,131,0.12977099236641221
anticip,51,1371,0.037199124726477024
antidump,12704,13113,0.96880957828109515
antidumpingadministr,14,0,inf
antidumpingagr,322,0,inf
antidumpingcountervail,24,130,0.18461538461538463
antidumpingduti,137,0,inf
antidumpinginvestig,51,0,inf
antidumpingmeasur,53,0,inf
antidumpingord,15,0,inf
antidumpingproceed,26,0,inf
anyth,60,575,0.10434782608695652
anywher,23,106,0.21698113207547171
apanel,30,0,inf
apart,53,276,0.19202898550724637
aparticular,20,0,inf
apermiss,15,0,inf
appar,124,809,0.15327564894932014
appeal,643,3915,0.16424010217113666
appear,538,3640,0.1478021978021978
appel,7998,24727,0.32345209689812754
appellatebodi,175,0,inf
appelle,341,2209,0.15436849253055682
appli,3420,15049,0.22725762509136821
applic,2888,12623,0.2287887190049909
applicationof,30,0,inf
appoint,21,254,0.082677165354330714
appreci,89,301,0.29568106312292358
approach,460,3470,0.13256484149855907
appropri,615,4968,0.12379227053140096
approv,29,1283,0.02260327357755261
approxim,26,1001,0.025974025974025976
april,653,1855,0.35202156334231804
aproduct,21,0,inf
arbitr,31,1580,0.019620253164556962
arbitrari,49,264,0.18560606060606061
area,39,1230,0.031707317073170732
areason,29,0,inf
areinconsist,15,0,inf
arenot,24,0,inf
arequest,11,0,inf
aresult,18,0,inf
argentina,317,1748,0.18135011441647597
argu,2336,14863,0.1571688084505147
arguendo,44,278,0.15827338129496402
arguesthat,24,0,inf
argument,2556,17680,0.14457013574660635
aris,211,1696,0.12441037735849056
arisen,16,65,0.24615384615384617
aros,40,158,0.25316455696202533
arrang,27,1588,0.017002518891687659
arriv,88,1276,0.068965517241379309
art,57,325,0.17538461538461539
articl,22996,112362,0.2046599384133426
articul,77,378,0.20370370370370369
artifici,97,327,0.29663608562691129
asa,31,235,0.13191489361702127
ascertain,39,402,0.097014925373134331
ascrib,25,107,0.23364485981308411
asid,47,331,0.1419939577039275
asingl,22,0,inf
asit,13,0,inf
ask,374,1947,0.19209039548022599
aspect,308,2111,0.1459024159166272
assert,1293,8750,0.14777142857142858
assess,2681,6903,0.38838186295813415
asset,230,1232,0.18668831168831168
assign,192,506,0.37944664031620551
assist,154,2522,0.061062648691514669
associ,258,1696,0.15212264150943397
assuch,20,0,inf
assum,230,2551,0.090160721285770282
assumpt,98,1091,0.08982584784601283
assur,22,262,0.083969465648854963
asth,38,1,38.0
asunto,10,31,0.32258064516129031
aswel,20,0,inf
asymmetr,121,14,8.6428571428571423
asymmetri,45,9,5.0
atissu,44,0,inf
attach,196,2093,0.093645484949832769
attempt,231,1849,0.12493239588967009
attent,94,485,0.19381443298969073
atth,40,0,inf
attract,11,280,0.039285714285714285
attribut,257,1354,0.18980797636632202
audio,30,8,3.75
august,599,3038,0.19716919025674787
australia,57,5493,0.010376843255051884
author,3285,15693,0.20932900019116804
authorit,28,203,0.13793103448275862
automat,96,850,0.11294117647058824
avail,645,8312,0.077598652550529348
averag,2414,2718,0.88815305371596764
averagenorm,27,0,inf
averagetoaverag,352,1,352.0
averagetoaveragecomparison,26,0,inf
averagetotransact,228,0,inf
averagetoweight,110,1,110.0
avoid,143,1369,0.10445580715850986
awar,92,843,0.10913404507710557
away,11,249,0.044176706827309238
aweight,28,0,inf
awhol,40,0,inf
b,293,9133,0.032081462827110475
b1,13,123,0.10569105691056911
b1annex,27,0,inf
b2annex,24,0,inf
background,60,574,0.10452961672473868
bag,111,26,4.2692307692307692
balanc,63,895,0.070391061452513962
ball,240,16,15.0
banana,76,1961,0.038755736868944415
band,56,301,0.18604651162790697
bar,206,331,0.62235649546827798
base,2099,14295,0.14683455753760055
basedon,30,0,inf
basi,2901,11771,0.24645314756605216
basic,248,1734,0.14302191464821223
basisfor,18,3,6.0
basisof,13,0,inf
bear,673,1399,0.48105789849892783
becalcul,16,0,inf
becam,36,267,0.1348314606741573
becaus,2253,14440,0.15602493074792242
becauseth,14,0,inf
becom,101,1105,0.091402714932126691
becompar,16,0,inf
beconsid,22,0,inf
bed,601,200,3.0049999999999999
bedetermin,15,0,inf
bedlinen,28,15,1.8666666666666667
beef,34,459,0.07407407407407407
beestablish,15,0,inf
befor,1437,6938,0.20712020755260882
beforeth,16,0,inf
began,34,255,0.13333333333333333
begin,187,1178,0.15874363327674024
behalf,60,551,0.10889292196007259
behavior,23,27,0.85185185185185186
behaviour,112,487,0.2299794661190965
beinconsist,23,0,inf
beinterpret,15,0,inf
belgium,78,196,0.39795918367346939
believ,356,2544,0.13993710691823899
bemad,18,0,inf
benchmark,67,4933,0.013581998783701602
benefit,144,17417,0.008267784348624907
best,80,1044,0.07662835249042145
better,51,710,0.071830985915492959
betweenth,34,0,inf
beverag,108,846,0.1276595744680851
bia,79,76,1.0394736842105263
bias,58,102,0.56862745098039214
bind,161,1106,0.14556962025316456
bisd,45,792,0.056818181818181816
black,59,91,0.64835164835164838
blous,61,289,0.21107266435986158
bodi,8740,26679,0.3275984857003636
bodyat,13,0,inf
bodyreport,78,0,inf
bodyth,16,0,inf
bond,1005,3510,0.28632478632478631
border,24,2143,0.011199253383107793
born,34,167,0.20359281437125748
bound,121,885,0.13672316384180791
brazil,3162,23720,0.13330522765598651
brazilian,447,917,0.48745910577971646
brazilrequest,16,0,inf
brazilstatu,15,0,inf
brazilth,13,0,inf
brazilwtds382,11,0,inf
brazilwtds382th,15,0,inf
brazil’,242,0,inf
breach,212,1563,0.13563659628918745
brief,215,903,0.23809523809523808
briefli,47,145,0.32413793103448274
bring,191,1424,0.13412921348314608
broad,87,1053,0.082621082621082614
broader,46,615,0.074796747967479676
broadli,51,372,0.13709677419354838
brought,91,676,0.13461538461538461
bthird,11,0,inf
build,12,724,0.016574585635359115
bulletin,47,236,0.19915254237288135
burden,372,2568,0.14485981308411214
busi,158,3015,0.052404643449419572
byarticl,49,0,inf
byrd,76,1451,0.052377670572019294
byth,142,2,71.0
bywhich,11,0,inf
c,144,9178,0.015689692743517107
c1annex,21,0,inf
c2annex,19,0,inf
calcul,4903,7035,0.6969438521677328
calculationof,21,0,inf
calendar,21,165,0.12727272727272726
came,40,299,0.13377926421404682
canada,2074,38109,0.054422839749140625
canadian,270,4000,0.067500000000000004
canb,16,0,inf
cannedwarmwat,18,0,inf
cannotb,12,0,inf
cap,24,149,0.16107382550335569
capabl,34,673,0.050520059435364043
capit,95,1756,0.054100227790432803
captur,26,363,0.071625344352617082
carbon,462,800,0.57750000000000001
carbonqu,42,37,1.1351351351351351
care,194,807,0.24039653035935563
carri,217,1737,0.12492803684513529
carrier,66,278,0.23741007194244604
case,5047,19342,0.26093475338641298
casebycas,15,357,0.042016806722689079
caselaw,43,25,1.72
cash,696,1837,0.37887860642351662
cashdeposit,76,0,inf
cassett,23,2,11.5
cast,89,101,0.88118811881188119
categori,228,2412,0.094527363184079602
caus,380,5005,0.075924075924075921
causal,190,1306,0.14548238897396631
causat,84,1116,0.075268817204301078
caution,28,200,0.14000000000000001
ceas,44,449,0.097995545657015584
ceil,102,234,0.4358974358974359
cement,97,229,0.42358078602620086
cent,413,8297,0.049777027841388453
centr,17,369,0.046070460704607047
central,56,641,0.087363494539781594
certain,2153,12032,0.17893949468085107
certainli,46,513,0.089668615984405453
certainshrimp,15,0,inf
certainti,54,227,0.23788546255506607
cfr,145,843,0.17200474495848161
chairman,243,1465,0.1658703071672355
chairperson,35,96,0.36458333333333331
challeng,1270,5721,0.2219891627337878
chanc,19,66,0.2878787878787879
chang,841,4733,0.1776885696175787
channel,39,108,0.3611111111111111
chapeau,180,656,0.27439024390243905
chapter,53,1599,0.033145716072545343
charact,79,2617,0.030187237294612153
character,139,3111,0.044680167148826742
characteris,20,283,0.070671378091872794
characterist,394,1694,0.23258559622195984
charg,231,9013,0.025629646066792411
chart,51,402,0.12686567164179105
chemic,35,404,0.086633663366336627
chile,97,1055,0.091943127962085314
china,562,34790,0.016154067260707099
chines,29,1836,0.01579520697167756
choic,49,864,0.056712962962962965
choos,116,795,0.14591194968553459
chose,54,320,0.16875000000000001
chosen,61,354,0.17231638418079095
circuit,23,107,0.21495327102803738
circul,300,1872,0.16025641025641027
circular,19,510,0.037254901960784313
circumst,806,4859,0.1658777526239967
citat,58,418,0.13875598086124402
citationappel,17,0,inf
cite,508,3672,0.1383442265795207
citedbi,28,0,inf
civil,23,2002,0.011488511488511488
claim,3488,18062,0.19311261211383013
clarif,77,442,0.17420814479638008
clarifi,288,1735,0.16599423631123919
clariti,41,184,0.22282608695652173
classif,23,3779,0.0060862662079915319
classifi,41,2949,0.013903017972193964
claus,68,1802,0.037735849056603772
clear,664,4398,0.15097771714415645
clearli,357,2996,0.1191588785046729
close,226,1579,0.14312856238125396
code,405,1541,0.2628163530175211
codifi,30,163,0.18404907975460122
cogent,49,4,12.25
cogniz,16,29,0.55172413793103448
coher,57,117,0.48717948717948717
coil,400,107,3.7383177570093458
coincid,25,144,0.1736111111111111
collect,964,3723,0.25893096964813322
collectedunit,89,0,inf
combin,118,1493,0.079035498995311454
come,83,889,0.093363329583802029
command,17,293,0.058020477815699661
commenc,25,331,0.075528700906344406
comment,729,6714,0.10857908847184987
commerc,1634,4009,0.40758293838862558
commerceorganización,16,0,inf
commerci,81,5650,0.014336283185840707
commiss,294,3349,0.087787399223648852
commit,48,7984,0.0060120240480961923
committe,49,2737,0.017902813299232736
common,103,1565,0.065814696485623006
commonli,37,138,0.26811594202898553
commun,5045,38953,0.12951505660667983
communitiesth,17,1,17.0
compani,1149,9201,0.12487773068144767
companyspecif,48,134,0.35820895522388058
compar,2174,4079,0.53297376808041186
comparableexport,22,0,inf
comparison,4870,2613,1.8637581324148489
comparisonmethodolog,23,0,inf
comparisonof,13,0,inf
compel,76,457,0.16630196936542668
compens,28,518,0.054054054054054057
compet,31,1519,0.020408163265306121
competit,107,5026,0.021289295662554716
competitor,27,388,0.069587628865979384
complain,381,10033,0.037974683544303799
complaint,146,1630,0.08957055214723926
complet,393,8562,0.045900490539593553
complex,36,766,0.046997389033942558
compli,207,1866,0.11093247588424437
complianc,176,1889,0.093170989941768131
compon,86,6096,0.01410761154855643
comport,19,48,0.39583333333333331
compos,50,344,0.14534883720930233
composit,72,988,0.0728744939271255
comprehens,52,420,0.12380952380952381
compris,58,484,0.11983471074380166
compromis,28,93,0.30107526881720431
comput,492,798,0.61654135338345861
conced,100,636,0.15723270440251572
conceiv,12,266,0.045112781954887216
concentr,17,177,0.096045197740112997
concept,435,1886,0.23064687168610817
concern,1726,9565,0.1804495556717198
concess,28,2106,0.013295346628679962
conclud,979,5069,0.19313474057999605
conclus,1051,7499,0.14015202026936924
concret,70,197,0.35532994923857869
concur,27,98,0.27551020408163263
condemn,51,145,0.35172413793103446
condit,649,10237,0.063397479730389769
conduct,871,3677,0.23687788958389991
confer,35,4605,0.0076004343105320303
confid,20,183,0.10928961748633879
confidenti,182,2169,0.083909635776855687
confin,59,243,0.24279835390946503
confirm,549,3361,0.16334424278488546
conflict,66,1111,0.059405940594059403
conform,419,2169,0.19317657906869526
confront,23,108,0.21296296296296297
confus,84,359,0.23398328690807799
conjunct,98,731,0.13406292749658003
connect,338,2563,0.13187670698400311
consensu,35,325,0.1076923076923077
consequ,510,2886,0.17671517671517672
consequenti,68,194,0.35051546391752575
consid,2741,19908,0.13768334337954591
consider,970,4492,0.21593944790739092
consist,1565,6603,0.23701347872179312
consistentwith,35,0,inf
conson,16,13,1.2307692307692308
constitu,48,1197,0.040100250626566414
constitut,654,7724,0.084671154842050747
constraint,23,185,0.12432432432432433
constru,58,329,0.17629179331306991
construct,758,1395,0.54336917562724019
consult,1154,5202,0.22183775470972703
consultationscommun,31,0,inf
consultationson,12,0,inf
consum,32,1574,0.020330368487928845
consumpt,89,1275,0.069803921568627456
contain,1307,6118,0.21363190585158548
contempl,136,678,0.20058997050147492
contemporan,69,141,0.48936170212765956
contend,460,2761,0.16660630206446939
content,335,5096,0.065737833594976453
contest,281,1026,0.27387914230019494
context,1376,7157,0.19225932653346375
contextof,13,0,inf
contextu,125,372,0.33602150537634407
continu,1887,5118,0.36869871043376318
contract,216,9213,0.023445131878866817
contradict,122,643,0.18973561430793157
contradictori,28,99,0.28282828282828282
contrari,470,3105,0.15136876006441224
contrast,210,1294,0.16228748068006182
contribut,73,7779,0.0093842396194883659
control,121,2574,0.047008547008547008
conveni,33,255,0.12941176470588237
convent,244,2386,0.10226320201173512
convers,436,402,1.0845771144278606
convert,201,268,0.75
convey,34,298,0.11409395973154363
convinc,38,304,0.125
cooper,70,1208,0.057947019867549666
copi,98,754,0.129973474801061
core,30,342,0.08771929824561403
corn,56,463,0.12095032397408208
corpor,186,2571,0.072345390898483075
corr1,79,325,0.24307692307692308
correct,365,2316,0.15759930915371329
correctli,115,750,0.15333333333333332
correspond,139,1244,0.11173633440514469
corros,52,37,1.4054054054054055
corrosionresist,558,332,1.6807228915662651
cost,2309,9469,0.24384834723835674
cotton,139,10160,0.013681102362204725
cottontyp,75,63,1.1904761904761905
couldnot,11,0,inf
council,43,1859,0.023130715438407747
councilor,11,0,inf
counsel,12,477,0.025157232704402517
counter,32,313,0.10223642172523961
counteract,61,265,0.23018867924528302
countervail,326,11421,0.028543910340600647
countri,995,8115,0.12261244608749231
countrywid,54,142,0.38028169014084506
cours,564,1745,0.32320916905444125
court,258,1180,0.21864406779661016
cover,985,6626,0.14865680651977059
coveredagr,32,0,inf
creat,326,2776,0.11743515850144093
creation,21,503,0.041749502982107355
credibl,44,339,0.12979351032448377
credit,224,6367,0.035181404114967806
criteria,144,2557,0.056315995307000391
criterion,27,542,0.049815498154981548
critic,99,1269,0.078014184397163122
crossrefer,57,108,0.52777777777777779
cumul,244,453,0.53863134657836642
currenc,543,281,1.9323843416370108
current,210,2414,0.086992543496271751
custom,991,12357,0.080197458930161045
customari,177,471,0.37579617834394907
cut,58,932,0.062231759656652362
cuttolength,69,212,0.32547169811320753
d,102,2910,0.035051546391752578
d1annex,15,0,inf
d2,15,103,0.14563106796116504
d2annex,17,0,inf
dairi,56,2024,0.02766798418972332
data,1285,7966,0.16131056992216922
databas,45,771,0.058365758754863814
date,936,5668,0.16513761467889909
day,209,2220,0.09414414414414414
deal,142,1251,0.1135091926458833
dealt,38,267,0.14232209737827714
debat,33,144,0.22916666666666666
dec,15,35,0.42857142857142855
decemb,460,3731,0.12329134280353793
decid,311,3067,0.10140202151940006
decis,1170,7828,0.14946346448645886
decisi,31,10,3.1000000000000001
declar,59,1916,0.030793319415448852
declin,255,1829,0.13942044833242209
decreas,89,510,0.17450980392156862
deduct,135,185,0.72972972972972971
deem,119,1820,0.065384615384615388
deepli,20,31,0.64516129032258063
defect,20,109,0.1834862385321101
defenc,123,1293,0.095127610208816701
defend,174,809,0.21508034610630408
defens,28,664,0.042168674698795178
defer,29,236,0.1228813559322034
defin,660,3949,0.16713091922005571
definit,1223,5440,0.22481617647058824
degre,129,1146,0.112565445026178
del,105,691,0.15195369030390737
delay,37,843,0.043890865954922892
deleg,238,1572,0.15139949109414758
delet,239,3882,0.061566202988150437
deliber,30,217,0.13824884792626729
demand,54,2110,0.025592417061611375
demonstr,920,8205,0.11212675198049969
deni,152,824,0.18446601941747573
denial,24,91,0.26373626373626374
denomin,84,300,0.28000000000000003
depart,718,2628,0.27321156773211569
departur,71,149,0.47651006711409394
depend,261,2472,0.10558252427184465
deposit,644,884,0.72850678733031671
depositr,14,0,inf
depriv,76,212,0.35849056603773582
deriv,153,1035,0.14782608695652175
describ,720,3074,0.23422251138581651
descript,219,1517,0.14436387607119314
design,163,3268,0.049877600979192166
desir,43,475,0.090526315789473691
despit,135,841,0.1605231866825208
destin,51,328,0.15548780487804878
determin,6798,23741,0.28634008676972328
determinationon,13,0,inf
determinewheth,15,1,15.0
detract,24,84,0.2857142857142857
detriment,11,171,0.064327485380116955
devalu,277,22,12.590909090909092
develop,405,8458,0.047883660439820286
deviat,31,135,0.22962962962962963
diamond,149,4,37.25
dictat,36,223,0.16143497757847533
dictionari,139,1306,0.10643185298621746
did,2133,11152,0.19126614060258249
didnot,48,0,inf
diferencia,16,114,0.14035087719298245
diferenciasen,13,0,inf
differ,3173,11205,0.28317715305667113
differencebetween,17,0,inf
differenti,51,741,0.068825910931174086
difficult,88,923,0.095341278439869989
difficulti,46,782,0.058823529411764705
différend,14,0,inf
différendsà,13,0,inf
dimens,294,117,2.5128205128205128
diminish,78,307,0.25407166123778502
direct,687,8421,0.081581759885999292
directli,237,2651,0.089400226329686916
directorgener,60,373,0.16085790884718498
disadvantag,34,313,0.10862619808306709
disagr,100,343,0.29154518950437319
disagre,363,1415,0.25653710247349826
discern,77,269,0.28624535315985128
discharg,101,170,0.59411764705882353
disciplin,196,2324,0.084337349397590355
disclos,122,1034,0.11798839458413926
discret,223,1681,0.13265913146936348
discrimin,35,1444,0.024238227146814405
discriminatori,16,559,0.028622540250447227
discuss,671,3992,0.16808617234468937
dismiss,97,548,0.177007299270073
disposit,17,323,0.052631578947368418
disprov,12,67,0.17910447761194029
disput,3263,14874,0.21937609251042087
disputesettl,79,0,inf
disputeth,22,4,5.5
disputeunit,22,0,inf
disregard,356,673,0.52897473997028233
distinct,482,2645,0.18223062381852553
distinguish,180,1414,0.12729844413012731
distort,254,1715,0.14810495626822157
distribut,52,2825,0.018407079646017697
disturb,16,84,0.19047619047619047
diverg,31,97,0.31958762886597936
divid,179,415,0.43132530120481927
divis,316,1002,0.31536926147704591
divorc,23,26,0.88461538461538458
doc,1660,2430,0.6831275720164609
doctrin,46,132,0.34848484848484851
document,501,4298,0.1165658445788739
doe,3220,19977,0.16118536316764279
doesnot,60,0,inf
dollar,582,527,1.1043643263757115
domest,967,19599,0.049339252002653197
domesticindustri,38,0,inf
donot,24,0,inf
doral,10,0,inf
doubl,78,928,0.084051724137931036
doubt,71,559,0.12701252236135957
downward,31,151,0.20529801324503311
draft,93,1280,0.072656250000000006
drafter,91,796,0.114321608040201
dram,82,1620,0.050617283950617285
draw,83,931,0.089151450053705686
drawn,54,546,0.098901098901098897
drew,21,113,0.18584070796460178
drop,39,256,0.15234375
dsb,730,3479,0.20983041103765449
dsr,393,1783,0.22041503084688727
dsu,1520,8693,0.17485333026573105
dsuand,16,0,inf
dsuarticl,28,0,inf
dsuon,15,0,inf
dsupursu,21,0,inf
dsustatu,17,0,inf
dsuth,41,3,13.666666666666666
dsuupon,27,0,inf
du,70,591,0.11844331641285956
duli,36,129,0.27906976744186046
dump,12258,10719,1.1435768261964736
dumpedimport,47,0,inf
dumpingand,21,0,inf
dumpingdetermin,29,0,inf
dumpingfor,16,0,inf
dumpingin,12,0,inf
dumpingmargin,101,0,inf
dumpingth,12,0,inf
durat,26,315,0.082539682539682538
dure,1381,6604,0.20911568746214415
duringth,27,0,inf
duti,6794,25482,0.26661957460167962
dutyassess,23,0,inf
dutyord,28,0,inf
dynam,34,340,0.10000000000000001
e,56,1859,0.030123722431414739
eachmodel,10,0,inf
earli,20,490,0.040816326530612242
earlier,162,994,0.16297786720321933
eas,29,90,0.32222222222222224
easili,30,320,0.09375
ec,4874,24949,0.19535853140406428
ecappel,13,0,inf
econom,102,3905,0.026120358514724711
economi,184,1783,0.10319685922602355
ecuador,471,95,4.9578947368421051
ed,44,392,0.11224489795918367
edit,42,306,0.13725490196078433
effect,1393,16968,0.08209570957095709
effici,26,468,0.055555555555555552
effort,112,1093,0.10247026532479414
egypt,93,90,1.0333333333333334
el,75,521,0.14395393474088292
elabor,62,674,0.091988130563798218
element,337,5108,0.065974941268598278
elimin,125,871,0.14351320321469574
elinform,11,0,inf
els,15,235,0.063829787234042548
elsewher,57,413,0.13801452784503632
emargin,59,0,inf
embodi,50,162,0.30864197530864196
embrac,11,39,0.28205128205128205
emphas,166,1110,0.14954954954954955
emphasi,684,3714,0.18416801292407109
emphasis,29,134,0.21641791044776118
employ,190,806,0.23573200992555832
en,46,340,0.13529411764705881
enabl,68,1128,0.060283687943262408
encompass,75,808,0.092821782178217821
encourag,18,823,0.02187120291616039
end,236,2066,0.11423039690222653
endors,35,314,0.11146496815286625
enforc,30,1260,0.023809523809523808
engag,178,1191,0.14945424013434089
english,81,1892,0.04281183932346723
englisheuropean,15,0,inf
englishunit,170,0,inf
enhanc,255,764,0.33376963350785338
enjoy,33,544,0.060661764705882353
ensur,540,3132,0.17241379310344829
entail,66,311,0.21221864951768488
enter,107,2565,0.041715399610136455
entir,401,2319,0.17291936179387668
entireti,68,490,0.13877551020408163
entiti,239,3141,0.076090417064629101
entitl,176,2006,0.087736789631106676
entri,404,2536,0.15930599369085174
enumer,35,211,0.16587677725118483
envisag,72,436,0.16513761467889909
equal,348,1813,0.19194704908990623
equat,37,391,0.094629156010230184
equip,32,1831,0.017476788640087382
equival,198,1707,0.11599297012302284
er,287,1755,0.16353276353276353
err,29,215,0.13488372093023257
erron,181,962,0.18814968814968816
error,253,2083,0.1214594335093615
especi,115,586,0.19624573378839591
especialactuación,14,0,inf
essenc,88,345,0.25507246376811593
essenti,249,4454,0.05590480466995959
establish,3112,13010,0.23920061491160646
establishmentof,22,0,inf
estado,15,150,0.10000000000000001
estim,176,2669,0.065942300487073807
et,180,943,0.19088016967126192
eu,49,357,0.13725490196078433
european,4719,42431,0.11121585633145578
europeancommun,150,0,inf
evalu,570,2692,0.21173848439821694
evenhand,83,24,3.4583333333333335
evenhanded,25,4,6.25
event,316,2764,0.11432706222865413
eventu,41,297,0.13804713804713806
everi,209,1546,0.1351875808538163
evid,2132,15655,0.13618652187799424
evidenc,26,245,0.10612244897959183
evidentiari,29,544,0.053308823529411763
ex,532,750,0.70933333333333337
exact,60,313,0.19169329073482427
exactli,75,397,0.18891687657430731
examin,1752,8186,0.21402394331785976
exampl,560,5674,0.098695805428269293
exce,225,459,0.49019607843137253
exceed,500,1584,0.31565656565656564
excess,250,2408,0.10382059800664452
exchang,849,949,0.89462592202318225
exclud,393,1752,0.22431506849315069
exclus,310,2141,0.14479215319943953
execut,151,3017,0.050049718263175343
exempt,22,5393,0.0040793621361023547
exercis,248,2077,0.11940298507462686
exfactori,21,35,0.59999999999999998
exhaust,39,273,0.14285714285714285
exhibit,1949,15861,0.12288002017527268
exist,1752,10021,0.17483285101287296
expand,68,530,0.12830188679245283
expans,25,326,0.076687116564417179
expect,249,2742,0.090809628008752738
expedit,47,349,0.1346704871060172
expediti,13,71,0.18309859154929578
expens,1268,1120,1.1321428571428571
experi,81,454,0.17841409691629956
experienc,31,178,0.17415730337078653
expert,163,612,0.26633986928104575
expir,31,842,0.036817102137767219
expiri,21,242,0.086776859504132234
explain,990,7082,0.13979101948602091
explan,282,1806,0.15614617940199335
explicit,121,1001,0.12087912087912088
explicitli,226,1996,0.11322645290581163
explor,95,199,0.47738693467336685
export,7041,38083,0.18488564451329989
exporterproduc,24,10,2.3999999999999999
exporterspecif,72,8,9.0
exportpric,99,0,inf
exporttransact,70,0,inf
express,478,2625,0.18209523809523809
expressli,314,1242,0.25281803542673109
extend,171,1492,0.1146112600536193
extens,68,1260,0.053968253968253971
extent,545,3666,0.14866339334424442
extrem,35,445,0.078651685393258425
f,40,1037,0.038572806171648988
face,119,1293,0.092034029389017794
faci,279,1534,0.18187744458930899
facilit,40,886,0.045146726862302484
fact,2675,18550,0.14420485175202155
facto,25,1467,0.017041581458759374
factor,998,5781,0.17263449230236982
factsavail,22,4,5.5
factthat,18,0,inf
factual,522,2946,0.17718940936863545
fail,1290,7117,0.18125614725305605
failur,271,2064,0.13129844961240311
fair,1720,1867,0.92126405998928762
faircomparison,70,0,inf
fairli,32,101,0.31683168316831684
fairvalu,14,1,14.0
faith,120,1152,0.10416666666666667
fall,327,3081,0.10613437195715676
fals,35,295,0.11864406779661017
familiar,16,60,0.26666666666666666
far,129,1051,0.12274024738344434
fashion,19,145,0.1310344827586207
favor,20,328,0.06097560975609756
favour,97,2890,0.033564013840830451
featur,43,690,0.062318840579710148
februari,664,2863,0.23192455466294098
fed,751,453,1.6578366445916115
feder,300,1576,0.19035532994923857
federalregist,15,0,inf
fell,43,377,0.11405835543766578
fifth,118,277,0.4259927797833935
figur,109,2082,0.052353506243996158
file,191,2157,0.088548910523875757
film,48,197,0.24365482233502539
final,3226,8766,0.3680127766370066
finaldetermin,128,0,inf
finalreport,12,0,inf
finalresult,42,0,inf
financ,101,5675,0.017797356828193833
financi,357,9905,0.03604240282685512
findthat,12,0,inf
finish,52,1040,0.050000000000000003
finland,29,53,0.54716981132075471
firm,48,1884,0.025477707006369428
firmli,20,58,0.34482758620689657
firstli,42,107,0.3925233644859813
firstsent,38,0,inf
firstwritten,30,0,inf
fischer,102,13,7.8461538461538458
fit,271,5196,0.052155504234026172
fiveyear,53,228,0.23245614035087719
fix,116,1282,0.090483619344773794
flat,310,241,1.2863070539419088
flaw,157,847,0.18536009445100354
flexibl,35,824,0.042475728155339808
flow,100,907,0.11025358324145534
fluctuat,78,168,0.4642857142857143
focu,126,1156,0.10899653979238755
focus,116,1055,0.10995260663507109
follow,1658,10640,0.15582706766917293
followingto,31,0,inf
followsth,18,0,inf
footnot,782,8504,0.091956726246472248
footwear,60,270,0.22222222222222221
fora,15,24,0.625
forc,139,1985,0.070025188916876577
forcalcul,19,0,inf
fordetermin,14,0,inf
foreach,16,0,inf
forego,124,923,0.13434452871072589
foreign,400,3456,0.11574074074074074
forese,39,146,0.26712328767123289
forexampl,19,0,inf
form,451,5772,0.078135828135828131
formal,69,1033,0.066795740561471445
formul,38,382,0.09947643979057591
formula,69,529,0.13043478260869565
forpurpos,23,0,inf
forth,631,2668,0.23650674662668666
forward,139,1130,0.12300884955752213
forwhich,24,0,inf
foundat,42,250,0.16800000000000001
foundto,14,0,inf
fourth,174,601,0.28951747088186358
fr,836,212,3.9433962264150941
fraction,27,70,0.38571428571428573
frame,50,388,0.12886597938144329
framework,57,1332,0.042792792792792793
franc,175,611,0.28641571194762683
free,83,1432,0.057960893854748605
freight,67,125,0.53600000000000003
french,28,1673,0.016736401673640166
frequent,28,157,0.17834394904458598
fresh,40,193,0.20725388601036268
frombrazil,19,0,inf
fromcanada,32,0,inf
fromecuador,12,0,inf
fromth,49,0,inf
frozen,252,189,1.3333333333333333
fructos,20,62,0.32258064516129031
frustrat,28,131,0.21374045801526717
fulfil,104,1015,0.10246305418719212
fulli,222,1559,0.14239897370109045
function,222,1539,0.14424951267056529
fundament,206,1657,0.12432106216053108
furthermor,346,2239,0.15453327378293882
futur,474,2715,0.17458563535911603
fw,117,1864,0.062768240343347645
g,20,636,0.031446540880503145
gain,28,585,0.047863247863247867
gambl,39,142,0.27464788732394368
gasolin,42,382,0.1099476439790576
gather,34,258,0.13178294573643412
gatt,2882,17907,0.160942648126431
gatt1994,29,3,9.6666666666666661
gave,38,356,0.10674157303370786
gener,1954,14617,0.13367996168844495
generalagr,31,0,inf
geneva,26,313,0.083067092651757185
germani,188,720,0.26111111111111113
given,670,5347,0.12530390873386946
goal,31,396,0.078282828282828287
goe,42,821,0.051157125456760051
good,524,11804,0.044391731616401219
govern,864,24565,0.035171992672501526
governingth,10,0,inf
grant,141,10077,0.013992259601071748
great,37,386,0.09585492227979274
greater,221,1109,0.19927862939585211
greatest,11,50,0.22
ground,154,825,0.18666666666666668
group,482,2550,0.18901960784313726
grupo,30,131,0.22900763358778625
gt,40,62,0.64516129032258063
guarante,25,5912,0.0042286874154262516
guatemala,82,322,0.25465838509316768
guid,54,443,0.12189616252821671
guidanc,156,1043,0.14956855225311602
guidelin,39,788,0.049492385786802033
h,20,478,0.041841004184100417
ha,4956,31578,0.15694470834125024
hand,210,1583,0.13265950726468731
handl,20,211,0.094786729857819899
happen,57,366,0.15573770491803279
hardli,17,146,0.11643835616438356
harmoni,24,88,0.27272727272727271
hasbeen,26,0,inf
havebeen,39,0,inf
hbeam,67,194,0.34536082474226804
head,41,3029,0.013535820402773192
hear,231,1543,0.14970836033700582
heard,21,60,0.34999999999999998
heart,114,92,1.2391304347826086
heavili,13,200,0.065000000000000002
held,417,1815,0.22975206611570248
help,38,644,0.059006211180124224
henc,75,643,0.1166407465007776
herebi,103,408,0.25245098039215685
hereinaft,96,449,0.21380846325167038
hfc,33,111,0.29729729729729731
hi,18,590,0.030508474576271188
hierarch,34,28,1.2142857142857142
hierarchi,23,91,0.25274725274725274
high,135,1577,0.085605580215599233
higher,281,2103,0.13361864003804089
highest,26,280,0.09285714285714286
highli,61,643,0.094867807153965783
highlight,46,503,0.091451292246520877
histor,158,563,0.28063943161634103
histori,172,959,0.17935349322210636
hoc,49,182,0.26923076923076922
hold,91,1045,0.087081339712918662
home,278,476,0.58403361344537819
hong,63,97,0.64948453608247425
hope,39,184,0.21195652173913043
hormon,35,398,0.087939698492462318
hot,41,80,0.51249999999999996
hotrol,225,612,0.36764705882352944
howev,1738,10678,0.16276456265218206
hr,19,255,0.074509803921568626
hypothet,42,490,0.085714285714285715
ibid,243,1420,0.17112676056338028
id,86,1582,0.054361567635903919
idea,20,137,0.145985401459854
ideal,31,100,0.31
ident,478,1228,0.38925081433224756
identif,109,496,0.21975806451612903
identifi,1232,6150,0.20032520325203251
ignor,289,1738,0.16628308400460298
ii,526,10822,0.04860469414156348
iiappel,14,0,inf
iii,215,9168,0.023451134380453754
illog,23,98,0.23469387755102042
illustr,84,2630,0.03193916349809886
immedi,67,1026,0.065302144249512667
impact,308,2843,0.10833626450932114
impair,80,1368,0.058479532163742687
imparti,78,291,0.26804123711340205
imped,14,1007,0.013902681231380337
impermiss,83,324,0.25617283950617287
implement,561,4803,0.11680199875078076
impli,212,1522,0.13929040735873849
implic,137,876,0.15639269406392695
implicit,30,280,0.10714285714285714
implicitli,36,192,0.1875
import,4461,46721,0.095481689176173459
importantli,29,291,0.099656357388316158
importerspecif,122,9,13.555555555555555
importsof,21,0,inf
importspecif,27,0,inf
impos,994,7393,0.13445150818341675
imposit,869,2751,0.31588513267902579
impositionof,11,0,inf
imposs,77,654,0.11773700305810397
impractic,49,92,0.53260869565217395
improp,71,265,0.26792452830188679
improperli,89,521,0.17082533589251439
improv,15,1354,0.011078286558345642
imput,19,107,0.17757009345794392
inaccord,90,0,inf
inaccur,42,240,0.17499999999999999
inaddit,18,0,inf
inadministr,19,0,inf
inan,12,0,inf
inani,16,0,inf
inappropri,63,433,0.14549653579676675
inarticl,153,0,inf
inboth,12,0,inf
incalcul,22,1,22.0
includ,2555,15686,0.16288410047175825
inclus,146,481,0.30353430353430355
incompat,23,197,0.116751269035533
incomplet,22,745,0.029530201342281879
inconnect,30,0,inf
inconsist,3206,10678,0.30024349129050382
inconsistentlywith,17,0,inf
inconsistentwith,73,0,inf
inconsult,11,0,inf
incorpor,116,1251,0.092725819344524382
incorrect,137,820,0.16707317073170733
incorrectli,49,278,0.17625899280575538
increas,531,6341,0.08374073489985806
incumb,22,136,0.16176470588235295
incur,299,690,0.43333333333333335
inde,381,2729,0.13961157933308904
indefinit,17,87,0.19540229885057472
independ,342,1633,0.20943049601959585
indetermin,83,11,7.5454545454545459
india,681,5249,0.12973899790436275
indic,1131,10996,0.10285558384867224
indirect,101,668,0.15119760479041916
indirectli,33,737,0.044776119402985072
indisput,11,65,0.16923076923076924
individu,1614,3024,0.53373015873015872
individualexport,18,0,inf
individualtransact,29,0,inf
industri,708,13286,0.053289176576847813
ineffect,16,64,0.25
inevit,47,242,0.19421487603305784
infer,78,1100,0.070909090909090908
inflat,318,237,1.3417721518987342
influenc,34,731,0.046511627906976744
inform,1541,16213,0.095047184358231049
infra,52,306,0.16993464052287582
infring,87,265,0.32830188679245281
inher,200,693,0.28860028860028858
init,36,0,inf
initi,1052,4794,0.21944096787651229
injur,56,273,0.20512820512820512
injuri,1345,6565,0.20487433358720489
inlight,18,0,inf
inord,30,0,inf
inparagraph,44,0,inf
inparticular,45,0,inf
inperiod,26,0,inf
input,38,1058,0.035916824196597356
inquest,17,1,17.0
inquiri,78,574,0.13588850174216027
inrel,17,0,inf
inrespect,32,0,inf
insert,42,296,0.14189189189189189
insist,30,312,0.096153846153846159
insofar,174,293,0.59385665529010234
instanc,366,2147,0.17047042384722869
instant,20,156,0.12820512820512819
instead,480,2550,0.18823529411764706
institut,14,1316,0.010638297872340425
instruct,218,851,0.25616921269095183
instrument,190,1767,0.10752688172043011
insuffici,77,569,0.13532513181019332
insur,25,1220,0.020491803278688523
integr,87,1287,0.0675990675990676
intend,349,2406,0.14505403158769742
intens,13,72,0.18055555555555555
intent,116,1581,0.073371283997469949
inter,198,1683,0.11764705882352941
interfer,19,109,0.1743119266055046
interim,335,1991,0.16825715720743345
intermedi,326,272,1.1985294117647058
intern,688,8640,0.079629629629629634
interpret,3065,16303,0.1880022081825431
interpretationof,19,0,inf
inth,304,0,inf
inthat,26,0,inf
inthes,16,0,inf
inthi,68,0,inf
intoaccount,32,0,inf
introduc,147,1153,0.12749349522983522
introduct,58,1466,0.039563437926330151
introductori,26,131,0.19847328244274809
inu,42,3,14.0
inunit,11,0,inf
inutil,55,227,0.24229074889867841
inv,14,30,0.46666666666666667
invalid,15,160,0.09375
invari,27,35,0.77142857142857146
inventori,46,371,0.12398921832884097
invest,93,4432,0.020983754512635379
investig,8247,17175,0.48017467248908297
investigatingauthor,150,0,inf
investigationand,13,0,inf
investigationth,20,0,inf
invit,91,471,0.1932059447983015
invoic,415,119,3.4873949579831933
invok,88,679,0.12960235640648013
involv,637,5151,0.12366530770724131
inwhich,33,0,inf
iron,138,172,0.80232558139534882
irrelev,104,1310,0.079389312977099238
irrespect,81,420,0.19285714285714287
isa,14,0,inf
isinconsist,78,0,inf
isno,23,0,inf
isnot,35,0,inf
isol,66,440,0.14999999999999999
issu,4295,19811,0.21679874817020847
issuanc,68,618,0.11003236245954692
issuein,14,0,inf
issueth,13,9,1.4444444444444444
isth,23,0,inf
isthat,13,0,inf
itabl,12,0,inf
itali,285,299,0.95317725752508364
itc,49,1791,0.027359017308766054
itdo,12,0,inf
item,136,2825,0.048141592920353984
iti,43,0,inf
itsargu,12,0,inf
itsexamin,17,0,inf
itsoblig,34,0,inf
itwa,23,0,inf
iv,116,3520,0.032954545454545452
ix,30,265,0.11320754716981132
januari,617,3726,0.16559312936124532
japan,3293,12077,0.27266705307609507
japanth,14,0,inf
join,81,579,0.13989637305699482
joint,32,761,0.042049934296977662
journal,25,348,0.07183908045977011
juan,10,0,inf
judg,48,180,0.26666666666666666
judgement,27,118,0.2288135593220339
judgment,17,172,0.098837209302325577
judici,163,800,0.20374999999999999
juic,211,26,8.115384615384615
juicefrom,38,0,inf
juli,670,3034,0.22083058668424521
june,536,3686,0.1454150841020076
jurisdict,63,740,0.08513513513513514
jurisprud,121,542,0.22324723247232472
just,201,1205,0.16680497925311202
justic,23,190,0.12105263157894737
justif,86,425,0.2023529411764706
justifi,420,1635,0.25688073394495414
kept,74,209,0.35406698564593303
key,129,1460,0.088356164383561642
kind,115,1003,0.11465603190428714
kingdom,93,589,0.15789473684210525
knew,24,204,0.11764705882352941
know,96,680,0.14117647058823529
knowledg,24,486,0.049382716049382713
known,309,1305,0.23678160919540231
kong,63,88,0.71590909090909094
korea,1882,12797,0.14706571852777994
korean,368,1677,0.21943947525342875
korearequest,14,0,inf
l,49,1034,0.047388781431334626
la,89,1398,0.063662374821173109
label,22,262,0.083969465648854963
lack,187,1175,0.15914893617021278
laid,36,346,0.10404624277456648
languag,478,2282,0.20946538124452235
larg,136,3193,0.042593172564985904
larger,26,457,0.05689277899343545
largest,43,359,0.11977715877437325
late,32,321,0.099688473520249218
later,162,1235,0.13117408906882591
latest,20,165,0.12121212121212122
law,1490,10362,0.1437946342404941
lay,35,237,0.14767932489451477
le,62,864,0.071759259259259259
lead,407,2875,0.14156521739130434
leav,62,582,0.10652920962199312
led,105,724,0.14502762430939226
left,42,340,0.12352941176470589
legal,1282,8878,0.14440189231808967
legalinterpret,27,0,inf
legisl,125,2601,0.048058439061899272
legitim,73,561,0.13012477718360071
lend,20,1025,0.019512195121951219
length,261,1015,0.25714285714285712
lengthi,18,124,0.14516129032258066
lesser,29,136,0.21323529411764705
lessthan,17,1,17.0
let,47,441,0.10657596371882086
letter,210,4025,0.052173913043478258
level,709,7068,0.10031126202603283
levi,212,1137,0.18645558487247141
liabil,611,1178,0.51867572156196939
liabl,20,166,0.12048192771084337
lie,35,167,0.20958083832335328
lieu,18,91,0.19780219780219779
life,40,335,0.11940298507462686
light,670,4033,0.16612943218447807
lightof,12,0,inf
like,1266,9125,0.13873972602739726
likelihood,208,612,0.33986928104575165
likeproduct,39,1,39.0
likewis,69,476,0.14495798319327732
limit,1157,8082,0.14315763424894828
line,570,2750,0.20727272727272728
linen,556,205,2.7121951219512197
link,193,2039,0.0946542422756253
linkag,14,192,0.072916666666666671
liquid,66,925,0.071351351351351358
list,570,5729,0.099493803456100538
litig,82,267,0.30711610486891383
littl,61,596,0.10234899328859061
log,178,689,0.25834542815674894
logic,157,1002,0.15668662674650699
long,155,1198,0.1293823038397329
longer,133,1168,0.11386986301369863
longstand,19,171,0.1111111111111111
look,121,1162,0.10413080895008606
lorgan,49,225,0.21777777777777776
lose,16,300,0.053333333333333337
loss,68,1801,0.037756801776790673
low,100,1080,0.092592592592592587
lower,278,2723,0.1020932794711715
lowpric,20,93,0.21505376344086022
lumber,2166,3962,0.54669358909641597
magnitud,175,688,0.25436046511627908
main,123,1194,0.10301507537688442
mainli,23,226,0.10176991150442478
maintain,464,3401,0.13643046162893266
mainten,26,482,0.053941908713692949
major,126,1703,0.073987081620669401
make,2218,11768,0.18847722637661454
malaysia,48,63,0.76190476190476186
malleabl,102,32,3.1875
mandat,150,1521,0.098619329388560162
mandatori,121,1098,0.11020036429872496
mani,180,1854,0.097087378640776698
manifest,58,134,0.43283582089552236
manifestli,30,219,0.13698630136986301
manner,532,2930,0.18156996587030716
manual,213,213,1.0
manufactur,99,11815,0.0083791790097333899
march,633,2762,0.22918175235336713
margin,9203,3140,2.9308917197452229
margincalcul,19,0,inf
marginof,24,0,inf
marginsof,32,0,inf
marginszero,14,0,inf
market,1222,29723,0.04111294283887898
marrakesh,97,207,0.46859903381642515
match,185,867,0.21337946943483277
materi,299,3462,0.086366262276140957
mathemat,172,67,2.5671641791044775
matter,1087,5043,0.21554630180448145
maximum,57,593,0.096121416526138273
mayb,17,6,2.8333333333333335
mean,2237,18972,0.11791060510225596
meaning,45,475,0.094736842105263161
meaningless,38,388,0.097938144329896906
meaningof,17,0,inf
meant,67,558,0.12007168458781362
measur,5578,42183,0.13223336415143541
measureson,35,0,inf
measuresrel,16,0,inf
measurethi,167,0,inf
meat,30,408,0.073529411764705885
mechan,85,954,0.089098532494758909
medida,24,89,0.2696629213483146
meet,925,8283,0.11167451406495231
megabit,17,24,0.70833333333333337
member,2169,21094,0.10282544799469043
membership,22,110,0.20000000000000001
memberspursu,17,0,inf
memo,28,62,0.45161290322580644
memoranda,98,139,0.70503597122302153
memorandum,369,955,0.38638743455497382
memori,21,257,0.08171206225680934
mention,354,1370,0.2583941605839416
merchandis,424,1543,0.27478937135450421
mere,310,2641,0.11737978038621734
merit,155,682,0.22727272727272727
mesur,22,89,0.24719101123595505
met,173,1379,0.12545322697606962
method,890,1402,0.63480741797432239
methodolog,4186,3960,1.057070707070707
methodologyfor,17,0,inf
mexican,13,486,0.026748971193415638
mexico,1475,6744,0.2187129300118624
michael,18,47,0.38297872340425532
million,57,3845,0.01482444733420026
mind,131,585,0.22393162393162394
minim,26,327,0.079510703363914373
minimi,275,946,0.29069767441860467
minimum,91,1134,0.080246913580246909
ministeri,51,244,0.20901639344262296
minor,27,250,0.108
mirror,13,68,0.19117647058823528
mischaracter,21,244,0.086065573770491802
misinterpret,28,200,0.14000000000000001
mislead,43,221,0.19457013574660634
misplac,35,128,0.2734375
miss,23,361,0.063711911357340723
mission,38,693,0.054834054834054832
misstat,19,112,0.16964285714285715
misunderstand,24,203,0.11822660098522167
mitig,14,60,0.23333333333333334
model,1342,5294,0.25349452210049112
modelbymodel,13,4,3.25
modelspecif,109,11,9.9090909090909083
modelzero,19,0,inf
modif,153,528,0.28977272727272729
modifi,385,1871,0.20577231427044362
moment,24,470,0.05106382978723404
mondial,17,80,0.21249999999999999
month,220,1809,0.12161415146489774
monthli,113,439,0.25740318906605925
moreov,481,3906,0.12314388120839734
movement,70,274,0.25547445255474455
mr,74,1238,0.059773828756058162
ms,25,137,0.18248175182481752
multilater,128,549,0.2331511839708561
multipl,822,2111,0.3893889152060635
multipli,31,289,0.10726643598615918
mundial,17,80,0.21249999999999999
municip,57,503,0.11332007952286283
mustb,23,0,inf
mutual,121,706,0.17138810198300283
n,44,411,0.1070559610705596
nam,1054,21,50.19047619047619
narrow,64,672,0.095238095238095233
narrowli,24,167,0.1437125748502994
nation,48,6063,0.0079168728352300849
natur,435,4279,0.10165926618368777
nearli,67,343,0.19533527696793002
necess,34,187,0.18181818181818182
necessari,782,6211,0.12590565126388664
necessarili,474,2774,0.17087238644556596
need,561,5235,0.10716332378223496
neg,1176,829,1.4185765983112184
negat,27,80,0.33750000000000002
neglig,29,153,0.18954248366013071
negoti,470,3324,0.14139590854392298
net,89,1137,0.078276165347405446
netherland,59,100,0.58999999999999997
neutral,20,347,0.057636887608069162
new,837,7630,0.10969855832241153
nonalloy,17,53,0.32075471698113206
nondump,267,59,4.5254237288135597
nonetheless,63,566,0.11130742049469965
nonmarket,50,125,0.40000000000000002
norm,475,466,1.0193133047210301
normal,3797,2482,1.5298146655922642
normalvalu,158,0,inf
norway,192,590,0.3254237288135593
notabl,42,304,0.13815789473684212
notconsid,22,0,inf
note,2814,17862,0.15754114880752434
noth,306,2202,0.13896457765667575
notic,732,2234,0.32766338406445839
notif,47,1271,0.036978756884343038
notifi,131,1203,0.10889443059019119
notion,150,1078,0.1391465677179963
notprovid,18,0,inf
notwithstand,76,561,0.13547237076648841
novemb,467,2825,0.16530973451327433
novo,42,172,0.2441860465116279
nowher,39,201,0.19402985074626866
nsk,81,7,11.571428571428571
nullif,26,818,0.031784841075794622
nullifi,64,478,0.13389121338912133
number,818,4190,0.19522673031026253
numer,205,749,0.27369826435246997
nv,39,64,0.609375
object,1167,8177,0.14271737801149567
objectiveassess,21,0,inf
oblig,2654,12774,0.20776577422890247
obligationsund,27,0,inf
obscur,17,98,0.17346938775510204
observ,404,2576,0.15683229813664595
obtain,187,3067,0.060971633518095862
obviou,35,367,0.095367847411444148
obvious,50,298,0.16778523489932887
occas,51,206,0.24757281553398058
occur,401,2198,0.1824385805277525
octg,49,22,2.2272727272727271
octob,484,3451,0.14024920312952768
odd,30,199,0.15075376884422109
of9,10,1,10.0
ofa,28,1,28.0
ofal,12,0,inf
ofan,24,0,inf
ofantidump,64,0,inf
ofarticl,342,0,inf
ofcertain,43,0,inf
ofcommerc,22,0,inf
ofdetermin,20,0,inf
ofdisput,21,0,inf
ofdump,315,0,inf
ofduti,26,0,inf
ofexport,25,0,inf
offer,227,4391,0.051696652243224776
offic,28,1239,0.022598870056497175
offici,129,1803,0.071547420965058242
offset,829,3042,0.27251808021038793
ofgatt,26,0,inf
ofimport,32,0,inf
ofindividu,22,0,inf
ofinterpret,15,0,inf
ofinvestig,29,0,inf
ofit,28,0,inf
ofmargin,22,0,inf
ofproduct,59,0,inf
ofrefer,34,0,inf
ofreview,12,0,inf
ofsal,35,0,inf
ofsuch,17,0,inf
ofth,857,6,142.83333333333334
ofthat,19,0,inf
ofthes,25,0,inf
ofthi,24,0,inf
ofthos,16,0,inf
oftim,13,0,inf
oftrad,20,0,inf
ofzero,63,0,inf
oil,184,1005,0.18308457711442785
omiss,51,257,0.19844357976653695
omit,186,2110,0.088151658767772506
ona,16,0,inf
onc,199,1363,0.14600146735143066
oncertain,27,0,inf
ongo,215,219,0.9817351598173516
onimplement,24,0,inf
onimport,29,0,inf
onindividu,11,0,inf
onli,2864,16889,0.16957783172479129
onmal,12,0,inf
onrul,19,0,inf
onsoftwood,19,0,inf
ontariff,12,0,inf
onth,136,3,45.333333333333336
open,283,1648,0.17172330097087379
oper,304,6256,0.04859335038363171
opin,21,97,0.21649484536082475
opinion,92,1155,0.079653679653679657
opportun,291,1459,0.19945167923235094
oppos,126,896,0.140625
opposit,34,461,0.073752711496746198
option,35,1195,0.029288702928870293
oral,834,4567,0.18261440770746662
orang,243,18,13.5
orarticl,13,0,inf
orcov,11,0,inf
order,2173,9993,0.21745221655158611
ordinari,464,4349,0.106691193377788
ordinarymean,14,0,inf
orexecut,11,0,inf
organ,101,2092,0.048279158699808797
organizationorganis,16,0,inf
origin,2054,7723,0.26595882429107859
originalinvestig,74,0,inf
orimpair,15,0,inf
orproduc,24,0,inf
othermeasur,29,0,inf
otherwis,272,3428,0.07934655775962661
ourselv,13,48,0.27083333333333331
outcom,126,577,0.21837088388214904
outlin,49,351,0.1396011396011396
output,86,526,0.1634980988593156
outset,57,347,0.16426512968299711
outsid,279,1888,0.14777542372881355
overal,432,1369,0.31555880204528852
overarch,60,137,0.43795620437956206
overcom,12,93,0.12903225806451613
overlap,21,237,0.088607594936708861
overlook,20,170,0.11764705882352941
overrid,24,140,0.17142857142857143
overst,35,154,0.22727272727272727
overturn,21,60,0.34999999999999998
owe,86,260,0.33076923076923076
oxford,75,896,0.083705357142857137
p,523,4776,0.10950586264656617
pack,66,72,0.91666666666666663
packag,33,638,0.051724137931034482
page,1788,24453,0.073119862593546803
paid,335,2400,0.13958333333333334
panel,13616,84088,0.16192560175054704
panelannex,25,0,inf
panelist,30,148,0.20270270270270271
panelpursu,15,0,inf
panelreport,43,0,inf
panelrequest,36,0,inf
panelshould,15,0,inf
panelsterm,15,0,inf
panelth,31,0,inf
panelto,18,0,inf
panel’,166,0,inf
paper,78,912,0.085526315789473686
par,30,228,0.13157894736842105
para,9147,47885,0.1910201524485747
paragraph,1803,19653,0.091741718821553964
parallel,33,358,0.09217877094972067
paramet,60,250,0.23999999999999999
parti,2768,23143,0.11960419997407423
partial,73,558,0.13082437275985664
particip,484,5302,0.091286307053941904
particular,1671,10599,0.15765638267761109
particularli,245,1358,0.18041237113402062
partiesannex,24,0,inf
partiesto,17,0,inf
partof,18,0,inf
pass,30,842,0.035629453681710214
passag,49,293,0.16723549488054607
past,215,1163,0.18486672398968185
pasta,74,34,2.1764705882352939
patent,37,916,0.040393013100436678
pattern,220,260,0.84615384615384615
pay,231,2369,0.097509497678345297
payabl,23,195,0.11794871794871795
payment,531,16661,0.031870836084268654
pend,94,207,0.45410628019323673
peopl,107,936,0.11431623931623931
perceiv,30,191,0.15706806282722513
percent,93,938,0.099147121535181237
percentag,121,1253,0.0965682362330407
percept,40,143,0.27972027972027974
perfectli,14,147,0.095238095238095233
perform,225,4024,0.055914512922465208
perhap,31,276,0.11231884057971014
period,3138,10535,0.29786426198386329
periodicreview,44,0,inf
periodof,17,0,inf
perman,56,977,0.057318321392016376
permiss,596,798,0.74686716791979946
permissibleinterpret,26,0,inf
permit,724,3078,0.23521767381416503
person,47,2632,0.017857142857142856
persuad,29,360,0.080555555555555561
persuas,64,119,0.53781512605042014
pertain,310,691,0.44862518089725034
pertin,37,486,0.076131687242798354
pet,36,30,1.2
phase,736,486,1.5144032921810699
phrase,675,2137,0.31586335985025737
physic,257,1072,0.23973880597014927
physicalcharacterist,31,0,inf
piec,48,507,0.094674556213017749
pipe,148,393,0.37659033078880405
place,392,3214,0.12196639701306783
plain,104,507,0.20512820512820512
plainli,73,210,0.34761904761904761
plate,424,345,1.2289855072463769
play,32,618,0.051779935275080909
pleas,168,3022,0.05559232296492389
plu,36,572,0.062937062937062943
plural,38,64,0.59375
pm,13,84,0.15476190476190477
poi,168,490,0.34285714285714286
point,714,6213,0.11492032834379527
poland,71,118,0.60169491525423724
polici,240,3731,0.06432591798445457
polyethylen,48,6,8.0
por,15,228,0.065789473684210523
portion,174,1296,0.13425925925925927
portland,19,71,0.26760563380281688
pose,141,701,0.20114122681883023
posit,939,6004,0.15639573617588273
possess,24,490,0.048979591836734691
possibl,659,4606,0.14307425097698653
post,98,628,0.15605095541401273
postpon,17,100,0.17000000000000001
potenti,167,2129,0.078440582433067174
poultri,107,203,0.52709359605911332
pp,149,1298,0.1147919876733436
practic,1463,5895,0.24817642069550466
practis,20,6,3.3333333333333335
preced,269,902,0.29822616407982261
precis,399,1930,0.20673575129533678
preclud,269,1308,0.20565749235474007
predic,31,124,0.25
predict,270,596,0.45302013422818793
prefer,93,782,0.11892583120204604
prejud,30,137,0.21897810218978103
prejudg,17,46,0.36956521739130432
prejudic,81,4590,0.017647058823529412
prejudici,14,47,0.2978723404255319
preliminari,840,2939,0.28581150051037768
preliminarydetermin,43,0,inf
premis,112,799,0.14017521902377972
prepar,66,1203,0.054862842892768077
preparatori,33,108,0.30555555555555558
prerequisit,42,223,0.18834080717488788
prescrib,79,441,0.17913832199546487
presenc,18,614,0.029315960912052116
present,1017,10764,0.094481605351170575
preserv,72,327,0.22018348623853212
presid,18,610,0.029508196721311476
press,29,1029,0.028182701652089408
presum,73,1036,0.070463320463320461
presumpt,77,948,0.081223628691983116
presuppos,29,76,0.38157894736842107
prevail,81,1320,0.061363636363636363
prevent,172,1964,0.087576374745417518
previou,519,1631,0.31820968730839977
previous,216,1314,0.16438356164383561
prewto,15,115,0.13043478260869565
price,7088,29469,0.24052394041195832
pricecompar,78,0,inf
prima,274,1533,0.17873450750163078
primari,29,653,0.0444104134762634
primarili,45,386,0.11658031088082901
princip,46,1066,0.043151969981238276
principl,495,3743,0.13224686080683942
prior,606,3430,0.17667638483965015
prise,14,45,0.31111111111111112
privat,23,6074,0.0037866315442871253
probabl,29,191,0.15183246073298429
problem,196,1460,0.13424657534246576
problemat,10,83,0.12048192771084337
proce,17,274,0.062043795620437957
procedent,20,28,0.7142857142857143
procedur,2328,8002,0.29092726818295428
proceduresgovern,23,0,inf
proceed,2563,4405,0.58183881952326899
process,425,5017,0.084711979270480367
produc,1505,17858,0.084275954754171795
product,6519,40259,0.16192652574579597
productsfrom,23,0,inf
productund,51,0,inf
profit,407,1613,0.2523248605083695
program,414,4296,0.096368715083798878
programm,372,13651,0.027250750860742804
progress,18,330,0.054545454545454543
prohibit,783,4966,0.15767217076117598
promot,45,761,0.059132720105124839
prompt,66,246,0.26829268292682928
promptli,26,207,0.12560386473429952
pronounc,47,145,0.32413793103448274
proof,220,1474,0.14925373134328357
proper,467,2006,0.23280159521435692
properli,451,2539,0.17762898779046868
proport,38,874,0.043478260869565216
propos,330,2774,0.11896178803172314
proposit,155,786,0.19720101781170485
prospect,750,584,1.2842465753424657
prospectivenorm,20,0,inf
protect,128,2273,0.056313242410910694
prove,115,1267,0.090765588003157066
proven,35,221,0.15837104072398189
provid,3326,33873,0.098190299058246985
providesif,15,0,inf
providesth,12,0,inf
providesthat,13,0,inf
provis,2941,19173,0.15339279194700881
provision,384,928,0.41379310344827586
provisionsof,34,0,inf
public,371,6318,0.058721114276669831
publicli,13,375,0.034666666666666665
publish,375,890,0.42134831460674155
purchas,227,7118,0.031890980612531608
pure,12,405,0.029629629629629631
purport,81,470,0.17234042553191489
purpos,1390,10945,0.12699862951119231
pursu,62,571,0.10858143607705779
pursuant,978,5599,0.17467404893731023
pursuantto,20,0,inf
qualifi,41,1761,0.023282226007950029
qualiti,56,738,0.075880758807588072
quantiti,135,2655,0.050847457627118647
que,22,191,0.11518324607329843
question,2156,23985,0.089889514279758179
questionnair,316,1525,0.20721311475409837
quickli,14,127,0.11023622047244094
quit,37,506,0.073122529644268769
quot,307,2205,0.13922902494331066
quotat,20,150,0.13333333333333333
r,19,148,0.12837837837837837
rais,669,3016,0.22181697612732096
random,117,310,0.3774193548387097
rang,81,1361,0.059515062454077887
rapport,39,304,0.12828947368421054
rare,20,154,0.12987012987012986
rate,2891,15401,0.18771508343614052
ratio,72,1825,0.039452054794520547
ration,48,385,0.12467532467532468
rational,110,608,0.18092105263157895
raw,24,467,0.051391862955032119
reach,348,1941,0.17928902627511592
read,602,3411,0.17648783347991792
readili,26,187,0.13903743315508021
reaffirm,19,139,0.1366906474820144
real,151,745,0.20268456375838925
realiti,36,560,0.064285714285714279
realiz,50,302,0.16556291390728478
reason,2591,12243,0.21163113615943804
reassess,26,38,0.68421052631578949
rebar,86,74,1.1621621621621621
rebut,52,757,0.068692206076618231
rebutt,77,1963,0.03922567498726439
recal,581,3232,0.17976485148514851
recalcul,70,83,0.84337349397590367
receiv,288,6223,0.04627992929455247
recent,253,1151,0.21980886185925283
recogn,435,2064,0.21075581395348839
recognis,27,224,0.12053571428571429
recognit,39,213,0.18309859154929578
recommend,453,3065,0.14779771615008155
reconcil,133,372,0.35752688172043012
record,1154,4014,0.28749377179870456
recours,144,870,0.16551724137931034
recur,38,282,0.13475177304964539
recurr,150,366,0.4098360655737705
reduc,160,2019,0.079247152055473002
reduct,27,3409,0.0079202112056321501
redund,80,205,0.3902439024390244
refer,3799,20131,0.18871392379911578
referenc,56,381,0.14698162729658792
refersto,10,0,inf
reflect,970,4011,0.2418349538768387
reformul,21,158,0.13291139240506328
refrain,47,192,0.24479166666666666
refund,263,952,0.27626050420168069
refus,121,1031,0.11736178467507274
refut,73,273,0.26739926739926739
reg,740,428,1.7289719626168225
regard,2323,12369,0.18780823025305199
regardless,150,1147,0.13077593722755013
regim,51,1975,0.025822784810126582
region,114,2744,0.041545189504373178
regist,171,1020,0.1676470588235294
register77,12,0,inf
regret,17,42,0.40476190476190477
regul,1030,8575,0.12011661807580175
regular,11,289,0.038062283737024222
regularli,12,132,0.090909090909090912
regulatori,57,660,0.086363636363636365
reinforc,74,315,0.23492063492063492
reiter,68,445,0.15280898876404495
reject,750,3973,0.18877422602567329
rel,161,1605,0.10031152647975078
relat,2075,11250,0.18444444444444444
relationship,273,2622,0.10411899313501144
releas,27,810,0.033333333333333333
relev,1869,13753,0.13589762233694466
reli,900,3552,0.2533783783783784
reliabl,69,673,0.1025260029717682
relianc,157,606,0.2590759075907591
remain,254,2546,0.099764336213668495
remaind,36,182,0.19780219780219779
remand,28,141,0.19858156028368795
remark,25,273,0.091575091575091569
remedi,233,2547,0.09148017275225756
remind,18,91,0.19780219780219779
remov,75,1129,0.066430469441984052
render,308,1297,0.23747108712413262
repeat,122,569,0.21441124780316345
repeatedli,123,372,0.33064516129032256
repetit,21,55,0.38181818181818183
replac,54,891,0.060606060606060608
repli,111,2343,0.047375160051216392
report,7762,36169,0.21460366612292295
reportact,13,0,inf
reportshort,14,0,inf
reportth,27,0,inf
reportu,19,0,inf
repres,276,2977,0.09271078266711455
represent,13,300,0.043333333333333335
reproduc,21,529,0.039697542533081283
republ,469,1077,0.43546889507892295
request,4144,18298,0.22647283856159142
requestfor,22,0,inf
requestth,11,0,inf
requir,4583,27281,0.16799237564605404
requisit,22,255,0.086274509803921567
resal,104,777,0.13384813384813385
rescind,10,11,0.90909090909090906
resciss,27,10,2.7000000000000002
resembl,73,213,0.34272300469483569
reserv,200,634,0.31545741324921134
resist,62,90,0.68888888888888888
resolut,89,996,0.089357429718875503
resolv,268,1165,0.23004291845493563
resort,71,433,0.16397228637413394
resourc,32,1150,0.02782608695652174
respect,2924,18329,0.15952861585465655
respectto,25,0,inf
respond,958,4650,0.20602150537634409
respons,1470,17670,0.083191850594227498
rest,165,655,0.25190839694656486
restrict,127,2057,0.06174039863879436
result,3285,9288,0.35368217054263568
retail,50,947,0.052798310454065467
retain,19,443,0.042889390519187359
retroact,17,244,0.069672131147540978
retrospect,374,314,1.1910828025477707
return,42,2196,0.01912568306010929
reunión,14,0,inf
reveal,63,609,0.10344827586206896
revenu,291,2878,0.10111188325225852
revers,278,1041,0.26705091258405378
review,7451,9609,0.7754188781350817
reviewsappel,11,0,inf
reviewsi,13,1,13.0
reviewsrequest,11,0,inf
reviewth,30,0,inf
reviewthi,90,0,inf
revis,109,1061,0.10273327049952875
revoc,160,199,0.8040201005025126
revok,104,270,0.38518518518518519
rice,67,1563,0.042866282789507361
right,482,5862,0.082224496758785404
rise,92,834,0.11031175059952038
risk,381,2937,0.12972420837589377
role,154,1385,0.1111913357400722
roll,45,150,0.29999999999999999
romania,40,15,2.6666666666666665
room,21,215,0.097674418604651161
root,38,55,0.69090909090909092
round,351,1289,0.27230411171450736
roundagr,11,0,inf
rule,2605,13903,0.18736963245342733
rulesand,30,0,inf
run,47,430,0.10930232558139535
règlement,30,0,inf
réunion,14,0,inf
s,30,325,0.092307692307692313
sa,156,503,0.31013916500994038
saa,32,600,0.053333333333333337
safeguard,117,872,0.13417431192660551
said,171,1261,0.13560666137985725
sake,38,129,0.29457364341085274
sale,4591,13216,0.34738196125907989
salmon,27,387,0.069767441860465115
sampl,96,331,0.29003021148036257
satisfactori,50,238,0.21008403361344538
satisfi,221,2250,0.098222222222222225
saw,25,101,0.24752475247524752
sawblad,158,0,inf
say,138,1222,0.11292962356792144
scenario,17,723,0.02351313969571231
schedul,49,6733,0.0072775879994059108
scm,166,32246,0.0051479253240712024
scope,538,5070,0.10611439842209074
scrutini,28,149,0.18791946308724833
se,86,854,0.10070257611241218
second,2371,12028,0.19712337878284003
secondli,79,378,0.20899470899470898
secondsent,30,0,inf
secretari,49,335,0.14626865671641792
secretariat,27,1369,0.019722425127830533
secretariat1at,12,0,inf
section,992,8912,0.11131059245960502
secur,911,2885,0.31577123050259964
seek,292,2281,0.12801402893467778
seen,52,359,0.14484679665738162
segment,94,1234,0.076175040518638576
select,477,1144,0.41695804195804198
sell,442,1522,0.29040735873850199
semiconductor,24,272,0.088235294117647065
sens,193,2282,0.084574934268185797
sent,23,392,0.058673469387755105
sentenc,1776,3862,0.45986535473847745
sentenceof,13,0,inf
separ,796,3923,0.20290593933214376
sept,23,31,0.74193548387096775
septemb,421,2315,0.18185745140388768
seq,98,242,0.4049586776859504
sequenti,27,28,0.9642857142857143
seri,84,628,0.13375796178343949
seriou,53,4651,0.011395398838959363
serv,203,1406,0.14438122332859174
servic,48,7785,0.0061657032755298652
set,1517,10262,0.14782693432079516
setforth,14,0,inf
setout,14,0,inf
settl,51,305,0.16721311475409836
settlement,1396,5082,0.27469500196772922
settlementbodi,14,0,inf
settlementunderstand,11,0,inf
seven,128,331,0.38670694864048338
seventh,17,57,0.2982456140350877
sever,333,2249,0.14806580702534461
sga,157,5,31.399999999999999
shall,1120,10107,0.11081428712773325
shape,28,192,0.14583333333333334
share,139,5491,0.025314150427973046
sheet,503,395,1.2734177215189872
shift,67,388,0.17268041237113402
shipment,42,3342,0.012567324955116697
shipper,232,122,1.901639344262295
shirt,84,343,0.24489795918367346
short,82,808,0.10148514851485149
shorter,68,631,0.10776545166402536
shown,168,1156,0.1453287197231834
shrimp,1321,964,1.3703319502074689
shrimpfrom,29,0,inf
sic,19,125,0.152
signific,553,5289,0.10455662696161845
significantli,194,1092,0.17765567765567766
silenc,15,186,0.080645161290322578
silent,24,190,0.12631578947368421
similar,450,2521,0.17850059500198334
similarli,194,1442,0.13453536754507628
simpl,958,593,1.615514333895447
simpli,514,3621,0.14194973764153548
simultan,48,504,0.095238095238095233
sinc,465,4800,0.096875000000000003
singl,544,2671,0.20366903781355297
singular,48,76,0.63157894736842102
situat,490,4738,0.10341916420430561
sixth,19,148,0.12837837837837837
slightli,19,222,0.085585585585585586
small,52,1141,0.045574057843996492
sobr,17,84,0.20238095238095238
socal,162,580,0.27931034482758621
socialist,63,11,5.7272727272727275
softwood,1705,2743,0.62158220925993435
softwoodlumb,79,0,inf
sold,378,2003,0.18871692461308037
sole,213,1587,0.13421550094517959
solución,31,0,inf
solut,110,450,0.24444444444444444
someth,81,933,0.086816720257234734
sometim,25,255,0.098039215686274508
somewhat,33,173,0.19075144508670519
soon,20,187,0.10695187165775401
sort,32,390,0.082051282051282051
sought,100,781,0.12804097311139565
sourc,127,2778,0.045716342692584594
south,54,315,0.17142857142857143
spain,37,477,0.077568134171907763
spanish,39,1051,0.037107516650808754
spanishunit,11,0,inf
speak,67,308,0.21753246753246752
special,223,2991,0.074557004346372455
speciali,62,432,0.14351851851851852
specif,2108,18161,0.11607290347447828
specifi,228,2892,0.078838174273858919
specul,48,339,0.1415929203539823
spirit,17,638,0.02664576802507837
spécial,19,0,inf
spécialdisposit,14,0,inf
squar,34,222,0.15315315315315314
stabil,23,162,0.1419753086419753
stage,388,938,0.4136460554371002
stainless,1070,221,4.8416289592760178
stainlesssteel,26,0,inf
stand,64,1040,0.061538461538461542
standard,1132,4945,0.22891809908998989
stare,32,10,3.2000000000000002
start,148,719,0.20584144645340752
state,14715,72541,0.20285080161563807
statement,1874,10916,0.17167460608281421
statesaddendumth,15,0,inf
statesargu,27,0,inf
statesth,29,0,inf
statesto,19,0,inf
statesund,18,0,inf
statu,55,1204,0.045681063122923589
statut,67,837,0.080047789725209081
statutori,69,509,0.13555992141453832
steel,2423,3313,0.73136130395412013
steelappel,14,0,inf
stem,26,156,0.16666666666666666
step,210,2499,0.084033613445378158
stipul,75,603,0.12437810945273632
stop,21,239,0.087866108786610872
stress,22,357,0.061624649859943981
stretch,13,65,0.20000000000000001
strict,24,189,0.12698412698412698
strictli,34,229,0.14847161572052403
strike,23,104,0.22115384615384615
string,45,3,15.0
strip,334,105,3.1809523809523808
strong,36,540,0.066666666666666666
strongli,47,218,0.21559633027522937
structur,113,2122,0.053251649387370405
studi,40,805,0.049689440993788817
su,18,79,0.22784810126582278
subcategori,29,31,0.93548387096774188
subdivid,24,32,0.75
subgroup,184,20,9.1999999999999993
subject,1538,10514,0.14628114894426478
subjectmerchandis,15,0,inf
subjectto,24,0,inf
submiss,4105,25074,0.16371540240886975
submissionof,18,0,inf
submissionpara,28,0,inf
submit,1875,13004,0.1441864041833282
subparagraph,78,1526,0.051114023591087812
subproduct,21,0,inf
subsequ,528,2184,0.24175824175824176
subset,69,185,0.37297297297297299
subsidi,108,52152,0.0020708697653014268
subsidiari,54,627,0.086124401913875603
substanc,80,692,0.11560693641618497
substant,445,2540,0.17519685039370078
substanti,252,2874,0.087682672233820466
substitut,77,697,0.11047345767575323
subtract,16,113,0.1415929203539823
succeed,25,192,0.13020833333333334
success,167,599,0.27879799666110183
sucha,24,0,inf
suffer,67,604,0.11092715231788079
suffic,27,240,0.1125
suffici,601,4235,0.14191263282172373
suggest,842,4980,0.16907630522088354
sum,180,876,0.20547945205479451
summar,46,618,0.074433656957928807
summari,401,3896,0.10292607802874744
summaris,22,63,0.34920634920634919
sunset,1724,2196,0.78506375227686698
sunsetreview,30,0,inf
supplement,64,640,0.10000000000000001
supplementari,22,313,0.070287539936102233
suppli,61,4154,0.014684641309581126
supplier,25,3888,0.0064300411522633747
support,1248,17957,0.069499359581221803
suppos,48,225,0.21333333333333335
supra,349,1702,0.20505287896592245
surpris,28,206,0.13592233009708737
surround,16,309,0.051779935275080909
suscept,42,197,0.21319796954314721
suspend,19,346,0.054913294797687862
suspens,21,571,0.036777583187390543
sustain,67,588,0.11394557823129252
sweden,58,244,0.23770491803278687
symmetr,85,4,21.25
synonym,31,145,0.21379310344827587
syrup,49,386,0.12694300518134716
systemat,168,257,0.65369649805447472
tabl,217,2993,0.072502505846976276
taiwan,105,107,0.98130841121495327
taken,719,4112,0.17485408560311283
tape,15,67,0.22388059701492538
target,318,705,0.45106382978723403
tariff,625,11810,0.052921253175275192
tariffsand,11,0,inf
task,92,635,0.14488188976377953
tax,268,8090,0.033127317676143388
taxat,64,559,0.11449016100178891
technic,46,710,0.064788732394366194
techniqu,13,118,0.11016949152542373
tempor,72,512,0.140625
tend,47,206,0.22815533980582525
term,2868,18636,0.15389568576947843
termin,181,1306,0.13859111791730475
terminolog,45,108,0.41666666666666669
termsof,20,0,inf
territori,69,1958,0.035240040858018386
test,238,2411,0.098714226462048943
text,1057,4017,0.26313169031615635
textil,26,436,0.059633027522935783
textual,275,444,0.61936936936936937
thai,57,64,0.890625
thailand,1473,2541,0.57969303423848884
thailandrequest,16,0,inf
thailandth,12,0,inf
thank,56,200,0.28000000000000003
thanth,22,0,inf
thata,41,1,41.0
thatan,12,0,inf
thatar,20,0,inf
thatarticl,92,0,inf
thatdump,16,0,inf
thati,19,0,inf
thatin,35,0,inf
thatit,28,0,inf
thatprovis,13,0,inf
thatsuch,13,0,inf
thatth,309,2,154.5
thatther,33,0,inf
thatthes,16,0,inf
thatthey,17,0,inf
thatthi,25,0,inf
thatw,17,0,inf
thatwer,13,0,inf
thatwhen,12,0,inf
thatwould,15,0,inf
thatzero,16,0,inf
thead,225,0,inf
theadministr,28,0,inf
theagreement,71,0,inf
theamend,23,0,inf
theamount,54,0,inf
theantidump,338,0,inf
theappel,213,0,inf
theapplic,120,0,inf
theassess,13,0,inf
theauthor,38,0,inf
thebasi,51,0,inf
thebrazilian,32,0,inf
thecalcul,43,0,inf
thecas,26,0,inf
thechairman,26,0,inf
thechalleng,16,0,inf
thecompani,17,0,inf
thecompar,23,0,inf
thecomparison,43,0,inf
thecomposit,15,0,inf
thecomput,16,0,inf
thecondit,20,0,inf
theconsult,29,0,inf
thecontext,49,0,inf
thecontinu,25,0,inf
thecours,17,0,inf
thecov,22,0,inf
thedefinit,26,0,inf
thedeleg,39,0,inf
thedetermin,44,0,inf
thediffer,42,0,inf
thedisput,37,0,inf
thedomest,69,0,inf
thedsb,33,0,inf
thedsu,47,0,inf
thedump,109,0,inf
theduti,15,0,inf
theec,57,0,inf
theeffect,29,0,inf
theestablish,35,0,inf
theeuropean,165,2,82.5
theevid,27,0,inf
theexist,49,0,inf
theexport,83,0,inf
theextent,23,0,inf
thefact,43,0,inf
thefactor,14,0,inf
thefin,32,0,inf
thefind,25,0,inf
thefirst,58,0,inf
thefollow,26,0,inf
thegatt,169,0,inf
thegener,32,0,inf
thegovern,26,0,inf
theimport,48,1,48.0
theimposit,47,0,inf
theindividu,15,0,inf
theinform,40,0,inf
theiniti,14,0,inf
theinterpret,22,0,inf
theinvestig,237,1,237.0
theissu,28,0,inf
themargin,81,0,inf
thematt,18,0,inf
themean,47,0,inf
themeasur,47,0,inf
themethodolog,52,0,inf
themselv,117,1158,0.10103626943005181
thenorm,36,0,inf
theoblig,47,0,inf
theordinari,38,0,inf
theori,44,808,0.054455445544554455
theorigin,37,0,inf
theother,26,0,inf
thepanel,273,0,inf
thepanelist,11,0,inf
theparti,46,0,inf
theparticular,15,0,inf
theperiod,32,0,inf
thephras,16,0,inf
theposs,23,0,inf
thepreliminari,20,0,inf
thepres,12,0,inf
thepric,36,0,inf
theproceed,21,0,inf
theproduct,157,0,inf
theprop,13,0,inf
theprovis,56,0,inf
thepurpos,23,0,inf
thequest,27,0,inf
thereaft,28,208,0.13461538461538461
thereason,21,0,inf
therebi,148,1348,0.10979228486646884
therecommend,39,0,inf
therefor,1800,11278,0.15960276644795177
therei,27,0,inf
therel,12,0,inf
therelev,49,0,inf
thereof,485,822,0.59002433090024331
thereofannex,24,0,inf
therequest,18,0,inf
therequir,65,0,inf
therespond,18,0,inf
theresult,25,0,inf
thereto,83,518,0.16023166023166024
therul,14,0,inf
thesam,62,0,inf
thescop,15,0,inf
thesecond,86,0,inf
theseconsult,11,0,inf
thesettl,47,0,inf
thespecif,16,0,inf
thestandard,15,0,inf
thesubstant,12,0,inf
theterm,36,0,inf
thethird,15,0,inf
thetim,32,0,inf
thetransact,21,0,inf
thetwo,16,0,inf
theu,47,0,inf
theunderstand,16,0,inf
theunit,672,2,336.0
theus,26,0,inf
theusdoc,171,0,inf
theview,22,0,inf
thevolum,19,0,inf
theweight,37,0,inf
theword,19,0,inf
thewto,32,0,inf
theywer,14,0,inf
thezero,37,0,inf
thi,10135,61933,0.16364458366299064
thing,52,667,0.077961019490254871
think,28,224,0.125
thirdli,26,132,0.19696969696969696
thirdparti,44,587,0.074957410562180582
thiscas,19,0,inf
thisdisput,27,0,inf
thisissu,14,0,inf
thorough,11,91,0.12087912087912088
thoroughli,14,45,0.31111111111111112
thought,23,96,0.23958333333333334
threat,16,1890,0.0084656084656084662
threaten,45,606,0.074257425742574254
threshold,65,1595,0.040752351097178681
thu,1616,10296,0.15695415695415696
tie,46,1328,0.03463855421686747
time,1602,11484,0.13949843260188088
timet,23,196,0.11734693877551021
titl,169,1440,0.11736111111111111
titleful,26,0,inf
toa,16,0,inf
toaddress,19,0,inf
toan,12,0,inf
toarticl,105,0,inf
toassess,12,0,inf
tobe,50,0,inf
tocalcul,40,0,inf
toconsid,23,0,inf
today,65,417,0.15587529976019185
todemonstr,17,0,inf
todetermin,51,0,inf
toensur,22,0,inf
toexamin,17,0,inf
togeth,180,1887,0.095389507154213043
toidentifi,10,0,inf
toimplement,13,0,inf
toimport,32,0,inf
tokyo,158,317,0.49842271293375395
tomak,30,0,inf
took,118,995,0.1185929648241206
tool,29,334,0.086826347305389226
topic,14,104,0.13461538461538461
toprovid,23,0,inf
toquest,30,0,inf
total,565,5735,0.098517872711421095
toth,286,1,286.0
trace,21,67,0.31343283582089554
trade,1235,11171,0.11055411332915585
tradecommiss,15,0,inf
transact,2935,5089,0.57673413244252314
transactionbytransact,35,28,1.25
transactionspecif,301,52,5.7884615384615383
transactiontotransact,286,5,57.200000000000003
translat,40,846,0.047281323877068557
transpar,69,295,0.23389830508474577
treat,550,1942,0.28321318228630277
treati,505,2876,0.17559109874826148
treatment,322,4853,0.066350710900473939
treatyinterpret,14,0,inf
trend,106,1058,0.1001890359168242
tri,80,573,0.13961605584642234
tribun,44,355,0.12394366197183099
trigger,22,536,0.041044776119402986
troubl,23,121,0.19008264462809918
true,129,1049,0.12297426120114395
tt,137,6,22.833333333333332
tube,137,255,0.53725490196078429
tubular,170,125,1.3600000000000001
tubulargood,10,0,inf
turkey,54,317,0.17034700315457413
turn,306,2365,0.12938689217758986
twice,17,160,0.10625
type,999,4108,0.2431840311587147
typic,58,552,0.10507246376811594
typograph,16,66,0.24242424242424243
ultim,112,980,0.11428571428571428
unabl,101,659,0.15326251896813353
unambigu,34,222,0.15315315315315314
unbias,217,317,0.68454258675078861
uncertainti,26,231,0.11255411255411256
unchang,22,141,0.15602836879432624
unclear,40,212,0.18867924528301888
uncondit,15,412,0.03640776699029126
uncontest,18,175,0.10285714285714286
underarticl,220,0,inf
underconsider,65,0,inf
undercut,149,1469,0.10142954390742001
underinvestig,51,0,inf
underli,242,1115,0.21704035874439462
underlin,69,367,0.18801089918256131
undermin,108,815,0.1325153374233129
underpin,11,94,0.11702127659574468
underscor,45,176,0.25568181818181818
understand,737,4605,0.16004343105320304
understood,142,819,0.17338217338217338
undertak,303,3179,0.095312991506763131
undertaken,78,822,0.094890510948905105
underth,35,0,inf
undisput,48,303,0.15841584158415842
unduli,17,141,0.12056737588652482
unequivoc,12,92,0.13043478260869565
unfair,277,320,0.86562499999999998
unfairli,18,50,0.35999999999999999
unfound,24,139,0.17266187050359713
unido,33,116,0.28448275862068967
uniform,72,300,0.23999999999999999
unilater,34,317,0.10725552050473186
union,149,7147,0.020847908213236323
uniqu,55,346,0.15895953757225434
unit,12909,58529,0.2205573305540843
unitedst,178,8,22.25
univers,58,550,0.10545454545454545
unjustifi,35,176,0.19886363636363635
unless,137,1399,0.097927090779127951
unlik,78,887,0.087936865839909811
unnecessari,63,278,0.22661870503597123
unreason,102,431,0.23665893271461716
unrel,35,589,0.059422750424448216
unrepres,35,8,4.375
unsupport,19,178,0.10674157303370786
unusu,19,102,0.18627450980392157
updat,22,595,0.036974789915966387
upheld,82,380,0.21578947368421053
uphold,76,663,0.11463046757164404
upland,60,7064,0.0084937712344280852
uraa,22,146,0.15068493150684931
urg,79,216,0.36574074074074076
uruguay,160,855,0.1871345029239766
usc,143,678,0.21091445427728614
usdoc,3745,6012,0.62292082501663337
use,6240,25160,0.24801271860095389
useof,29,0,inf
user,30,1131,0.026525198938992044
usitc,208,602,0.34551495016611294
usual,46,653,0.070444104134762639
util,169,892,0.18946188340807174
v,1028,3790,0.27124010554089711
vagu,47,160,0.29375000000000001
valid,56,885,0.063276836158192087
valorem,224,571,0.39229422066549913
valu,4339,8890,0.48807649043869517
valuat,75,276,0.27173913043478259
vappel,12,0,inf
vari,107,732,0.14617486338797814
variabl,142,370,0.38378378378378381
variat,36,138,0.2608695652173913
varieti,19,584,0.032534246575342464
variou,288,2509,0.11478676763650857
vast,28,189,0.14814814814814814
vein,25,56,0.44642857142857145
venu,21,64,0.328125
veri,403,3013,0.13375373382011285
verif,353,2346,0.15046888320545609
verifi,173,1144,0.15122377622377622
version,83,1869,0.044408774745853398
vi,1052,2328,0.45189003436426117
vi1,840,84,10.0
vi2,1098,427,2.5714285714285716
vi2of,17,0,inf
vienna,236,1355,0.17416974169741697
viet,1018,15,67.86666666666666
vietnam,417,37,11.27027027027027
view,1921,13012,0.14763295419612665
vii,52,850,0.061176470588235297
vii3,32,4,8.0
viii,31,431,0.071925754060324823
violat,1050,6539,0.16057501146964367
virtu,81,1221,0.066339066339066333
virtual,57,421,0.13539192399049882
vitiat,14,37,0.3783783783783784
vol,92,417,0.22062350119904076
volum,486,3348,0.14516129032258066
voluntari,77,153,0.50326797385620914
wa,6169,37011,0.16668017616384317
want,33,362,0.091160220994475141
warmwat,216,40,5.4000000000000004
warmwatershrimp,18,0,inf
warrant,133,422,0.31516587677725116
wasinconsist,19,0,inf
wasnot,28,0,inf
way,435,3465,0.12554112554112554
weigh,34,205,0.16585365853658537
weight,1305,934,1.3972162740899357
weightedaverag,344,105,3.2761904761904761
weightedaveragetoweightedaverag,50,0,inf
welcom,29,72,0.40277777777777779
wellestablish,53,100,0.53000000000000003
went,68,341,0.19941348973607037
werenot,22,0,inf
whatev,50,454,0.11013215859030837
whatsoev,23,207,0.1111111111111111
wheat,44,493,0.089249492900608518
whenev,94,331,0.28398791540785501
wherea,93,675,0.13777777777777778
wherebi,76,245,0.31020408163265306
whereth,14,0,inf
wherev,13,69,0.18840579710144928
whetherth,22,0,inf
whi,434,2909,0.14919216225507048
whichth,23,0,inf
whilst,21,125,0.16800000000000001
white,60,419,0.14319809069212411
wholli,16,241,0.066390041493775934
wide,30,504,0.059523809523809521
willb,12,0,inf
wish,139,1026,0.13547758284600389
withani,13,0,inf
witharticl,211,0,inf
withdraw,29,1024,0.0283203125
withinth,24,0,inf
withregard,27,0,inf
withrespect,76,0,inf
withth,99,1,99.0
wool,73,322,0.2267080745341615
word,1141,5575,0.20466367713004485
work,373,4005,0.093133583021223473
world,317,5143,0.061637176745090415
worth,22,357,0.061624649859943981
wouldb,16,1,16.0
wouldhav,30,0,inf
woven,14,156,0.089743589743589744
write,60,439,0.1366742596810934
written,2094,12341,0.16967830807876186
writtensubmiss,102,0,inf
wrong,46,545,0.084403669724770647
wrongli,16,102,0.15686274509803921
wt,122,2,61.0
wtds10abr,21,70,0.29999999999999999
wtds11abr,24,73,0.32876712328767121
wtds141abr,44,16,2.75
wtds141r,29,26,1.1153846153846154
wtds184abr,22,97,0.22680412371134021
wtds213abr,13,97,0.13402061855670103
wtds219r,14,15,0.93333333333333335
wtds244abr,20,43,0.46511627906976744
wtds264abr,71,12,5.916666666666667
wtds264r,35,6,5.833333333333333
wtds264rw,10,1,10.0
wtds268abr,21,12,1.75
wtds26abr,11,80,0.13750000000000001
wtds27abr,14,152,0.092105263157894732
wtds294abr,154,11,14.0
wtds294r,248,6,41.333333333333336
wtds295abr,15,177,0.084745762711864403
wtds2abr,13,73,0.17808219178082191
wtds322abr,130,7,18.571428571428573
wtds322r,260,0,inf
wtds335r,22,3,7.333333333333333
wtds33abr,17,80,0.21249999999999999
wtds343r,19,8,2.375
wtds344abr,18,4,4.5
wtds350abr,185,17,10.882352941176471
wtds350r,437,3,145.66666666666666
wtds383r,14,1,14.0
wtds48abr,10,66,0.15151515151515152
wtds60abr,13,39,0.33333333333333331
wtds8abr,15,95,0.15789473684210525
wtds99r,11,14,0.7857142857142857
wto,1948,12413,0.15693224844920647
wtoagreement,33,2,16.5
wtoconsist,113,390,0.28974358974358977
wtodisput,15,0,inf
wtoinconsist,250,377,0.66312997347480107
wtomemb,27,0,inf
x,43,806,0.053349875930521089
xvi4,345,385,0.89610389610389607
xxii,19,153,0.12418300653594772
xxii1,49,160,0.30625000000000002
xxiii,62,247,0.25101214574898784
xxiii1,23,76,0.30263157894736842
y,33,320,0.10312499999999999
yarn,67,102,0.65686274509803921
year,350,8963,0.039049425415597458
yield,101,790,0.12784810126582277
zealand,50,1587,0.031505986137366097
zero,9829,767,12.814863102998697
zeroingand,14,0,inf
zeroingin,148,0,inf
zeroingjapan,30,0,inf
zeroingmethodolog,54,0,inf
zeroingprocedur,37,0,inf
zeroingrequest,12,0,inf
zeroingth,16,0,inf
§,174,0,inf
étatsuni,14,0,inf
órgano,57,0,inf
–,5726,0,inf
–antidump,32,0,inf
–softwood,31,0,inf
–zero,42,0,inf
—,223,0,inf
“the,124,0,inf
“zeroing”,76,0,inf
…,159,0,inf
